Date,Open,High,Low,Close,Volume,Adj Close,Dividends
2007-10-11,104.49,104.5,104.0,104.39,22300,64.5,0.0
2007-10-12,104.42,104.6,104.42,104.5,73700,64.57,0.0
2007-10-15,105.2,105.2,104.5,105.0,24600,64.88,0.0
2007-10-16,104.5,104.68,104.1,104.6,60600,64.63,0.0
2007-10-17,104.03,104.65,103.31,103.31,15200,63.84,0.0
2007-10-18,104.23,104.25,103.25,103.26,13200,63.81,0.0
2007-10-19,103.25,103.94,102.0,102.8,40200,63.52,0.0
2007-10-22,102.8,102.8,101.85,101.85,64600,62.94,0.0
2007-10-23,102.19,102.7,101.95,102.7,27000,63.46,0.0
2007-10-24,102.6,102.75,102.3,102.7,22200,63.46,0.0
2007-10-25,102.99,102.99,102.64,102.85,16600,63.55,0.0
2007-10-26,102.7,103.09,102.6,103.09,10800,63.7,0.0
2007-10-29,103.49,103.5,103.06,103.4,19900,63.89,0.0
2007-10-30,103.3,103.3,102.7,103.2,10500,63.77,0.0
2007-10-31,103.61,104.0,103.04,103.85,12000,64.17,0.0
2007-11-01,102.71,102.9,102.0,102.5,29400,63.75,0.0
2007-11-02,102.49,102.5,101.92,102.25,32300,63.6,0.0
2007-11-05,106.0,106.0,101.5,102.2,13800,63.57,0.0
2007-11-06,102.2,103.15,102.2,102.73,34900,63.9,0.0
2007-11-07,101.82,103.1,101.82,102.6,11900,63.82,0.0
2007-11-08,102.85,102.85,100.41,101.3,121000,63.01,0.0
2007-11-09,101.57,101.75,100.51,101.75,38400,63.29,0.0
2007-11-12,103.02,103.02,101.9,102.15,41400,63.54,0.0
2007-11-13,102.95,102.95,101.56,101.75,15300,63.29,0.0
2007-11-14,102.75,102.75,101.7,102.0,7800,63.44,0.0
2007-11-15,101.99,102.34,101.68,101.97,15500,63.42,0.0
2007-11-16,103.0,103.0,101.53,102.0,18400,63.44,0.0
2007-11-19,102.7,102.7,101.78,102.0,16700,63.44,0.0
2007-11-20,101.75,102.39,100.41,101.0,26500,62.82,0.0
2007-11-21,100.7,100.7,97.0,99.1,139600,61.64,0.0
2007-11-23,99.2,100.5,98.91,98.91,3100,61.52,0.0
2007-11-26,98.0,101.0,98.0,100.0,69500,62.2,0.0
2007-11-27,100.5,101.48,99.5,100.15,25700,62.29,0.0
2007-11-28,99.58,101.2,99.58,101.1,11700,62.88,0.0
2007-11-29,101.75,101.75,100.1,101.6,20200,63.19,0.0
2007-11-30,102.0,102.5,101.51,102.01,34900,63.45,0.0
2007-12-03,103.0,103.0,101.1,102.39,31400,64.09,0.642
2007-12-04,103.0,103.0,102.0,102.0,16300,63.85,0.0
2007-12-05,101.68,102.5,100.26,100.8,270600,63.09,0.0
2007-12-06,101.61,101.75,100.0,101.7,33200,63.66,0.0
2007-12-07,100.6,102.49,100.6,101.65,27100,63.63,0.0
2007-12-10,100.73,101.64,100.73,101.5,23500,63.53,0.0
2007-12-11,102.17,102.48,100.85,101.4,30300,63.47,0.0
2007-12-12,102.5,103.75,101.5,101.95,29400,63.81,0.0
2007-12-13,101.75,102.28,101.23,101.9,44500,63.78,0.0
2007-12-14,102.5,102.5,101.19,102.05,15600,63.88,0.0
2007-12-17,102.5,102.5,101.12,101.5,18900,63.53,0.0
2007-12-18,101.41,102.0,101.41,101.6,53200,63.59,0.0
2007-12-19,101.11,102.1,101.11,102.1,24000,63.91,0.0
2007-12-20,101.4,101.95,101.4,101.88,31300,63.77,0.0
2007-12-21,102.48,102.48,101.39,102.2,37600,63.97,0.0
2007-12-24,102.02,102.26,101.2,101.84,66800,63.75,0.0
2007-12-26,101.53,101.7,101.2,101.39,48400,63.46,0.0
2007-12-27,101.18,101.6,101.18,101.49,22900,63.88,0.565
2007-12-28,101.4,101.62,100.25,100.5,88500,63.26,0.0
2007-12-31,100.21,100.74,99.87,100.72,38800,63.4,0.0
2008-01-02,99.56,100.9,99.3,99.5,61800,62.63,0.0
2008-01-03,99.6,99.95,99.26,99.31,64800,62.51,0.0
2008-01-04,100.01,100.05,98.84,99.2,48600,62.44,0.0
2008-01-07,99.49,99.49,98.3,98.61,177200,62.07,0.0
2008-01-08,99.49,99.49,98.0,98.04,42100,61.71,0.0
2008-01-09,98.49,98.49,96.93,96.97,51600,61.04,0.0
2008-01-10,97.17,98.17,96.95,97.69,154800,61.49,0.0
2008-01-11,97.84,98.5,97.31,97.9,71700,61.62,0.0
2008-01-14,97.64,98.07,97.38,97.56,20600,61.41,0.0
2008-01-15,97.95,97.95,97.6,97.81,20000,61.57,0.0
2008-01-16,97.84,97.9,97.41,97.7,20700,61.5,0.0
2008-01-17,97.5,97.5,97.01,97.01,31600,61.06,0.0
2008-01-18,97.47,98.95,97.03,97.77,84500,61.54,0.0
2008-01-22,96.7,97.86,93.3,97.09,192400,61.11,0.0
2008-01-23,96.84,97.59,95.02,97.28,59600,61.23,0.0
2008-01-24,97.26,98.5,96.88,98.5,62700,62.0,0.0
2008-01-25,98.11,99.5,97.06,98.65,43700,62.09,0.0
2008-01-28,98.5,98.5,97.5,98.2,44800,61.81,0.0
2008-01-29,97.78,98.35,97.78,98.3,39200,61.87,0.0
2008-01-30,98.42,98.74,97.93,98.68,27400,62.11,0.0
2008-01-31,98.14,98.88,97.75,98.88,76500,62.24,0.0
2008-02-01,98.44,98.5,97.0,98.27,83100,62.27,0.664
2008-02-04,97.25,98.38,97.25,98.29,44900,62.29,0.0
2008-02-05,97.79,97.79,97.0,97.5,66300,61.79,0.0
2008-02-06,97.68,97.71,97.18,97.3,101100,61.66,0.0
2008-02-07,96.9,97.3,96.0,96.89,58100,61.4,0.0
2008-02-08,96.5,96.5,96.0,96.16,80400,60.94,0.0
2008-02-11,95.26,96.21,95.26,95.4,74500,60.45,0.0
2008-02-12,95.25,96.29,95.25,95.76,85200,60.68,0.0
2008-02-13,95.99,96.06,95.51,95.51,60700,60.52,0.0
2008-02-14,96.57,96.57,95.45,95.98,48800,60.82,0.0
2008-02-15,95.75,95.75,95.35,95.74,49700,60.67,0.0
2008-02-19,95.75,96.0,95.0,95.25,102900,60.36,0.0
2008-02-20,95.84,95.84,95.03,95.5,65800,60.52,0.0
2008-02-21,95.9,96.0,95.5,95.83,55800,60.73,0.0
2008-02-22,95.94,96.08,95.65,96.0,48200,60.83,0.0
2008-02-25,95.8,96.43,95.71,96.29,81000,61.02,0.0
2008-02-26,96.3,96.95,96.2,96.91,80200,61.41,0.0
2008-02-27,96.97,96.98,96.49,96.89,75900,61.4,0.0
2008-02-28,96.5,96.93,95.69,96.75,61300,61.31,0.0
2008-02-29,96.38,96.46,95.69,96.38,72900,61.08,0.0
2008-03-03,96.19,96.19,95.5,95.79,53500,61.09,0.616
2008-03-04,95.8,95.95,95.51,95.68,29900,61.02,0.0
2008-03-05,95.5,96.0,95.5,95.95,73300,61.19,0.0
2008-03-06,95.94,95.94,95.5,95.7,21000,61.03,0.0
2008-03-07,95.23,95.5,95.23,95.5,44200,60.91,0.0
2008-03-10,95.46,95.55,95.25,95.28,26800,60.77,0.0
2008-03-11,95.14,95.7,95.05,95.52,36200,60.92,0.0
2008-03-12,95.26,95.51,95.25,95.5,53200,60.91,0.0
2008-03-13,95.22,95.22,93.8,94.83,80100,60.48,0.0
2008-03-14,94.83,95.0,94.05,94.26,37300,60.12,0.0
2008-03-17,94.03,94.03,93.3,93.82,55100,59.84,0.0
2008-03-18,94.46,96.99,94.29,95.2,46700,60.72,0.0
2008-03-19,95.46,95.58,95.1,95.3,75800,60.78,0.0
2008-03-20,95.26,95.75,95.2,95.75,55600,61.07,0.0
2008-03-24,95.99,96.6,95.79,96.48,104900,61.53,0.0
2008-03-25,96.5,96.75,96.22,96.73,90200,61.69,0.0
2008-03-26,96.6,96.77,96.4,96.5,149700,61.55,0.0
2008-03-27,96.6,96.6,96.11,96.19,97800,61.35,0.0
2008-03-28,96.2,96.24,96.01,96.24,46400,61.38,0.0
2008-03-31,96.02,96.7,95.63,96.67,246500,61.65,0.0
2008-04-01,95.88,96.46,95.88,96.45,988000,61.92,0.642
2008-04-02,96.42,96.65,96.25,96.5,92200,61.96,0.0
2008-04-03,96.66,96.66,95.6,96.33,98300,61.85,0.0
2008-04-04,96.5,98.23,96.21,96.7,142200,62.09,0.0
2008-04-07,96.8,97.53,96.7,97.47,117300,62.58,0.0
2008-04-08,97.15,97.8,96.9,97.8,85300,62.79,0.0
2008-04-09,97.0,97.2,96.78,96.95,79400,62.25,0.0
2008-04-10,96.91,98.51,96.84,97.3,176900,62.47,0.0
2008-04-11,97.1,97.13,96.5,96.52,59600,61.97,0.0
2008-04-14,96.79,96.9,96.52,96.86,54700,62.19,0.0
2008-04-15,96.79,97.2,96.64,96.85,59400,62.18,0.0
2008-04-16,97.18,97.42,96.84,97.27,84700,62.45,0.0
2008-04-17,97.37,97.37,97.1,97.37,61900,62.52,0.0
2008-04-18,97.82,98.05,97.33,98.03,123700,62.94,0.0
2008-04-21,97.98,97.98,97.76,97.87,70500,62.84,0.0
2008-04-22,98.14,98.32,97.53,98.0,77600,62.92,0.0
2008-04-23,98.4,98.69,97.78,98.4,103800,63.18,0.0
2008-04-24,98.55,98.55,97.9,98.43,114400,63.2,0.0
2008-04-25,98.78,98.9,98.6,98.9,87600,63.5,0.0
2008-04-28,99.17,99.5,98.49,99.48,595700,63.87,0.0
2008-04-29,99.47,99.47,98.91,99.19,144500,63.68,0.0
2008-04-30,99.21,99.96,98.5,99.29,113400,63.75,0.0
2008-05-01,99.2,100.82,99.2,100.82,428500,65.1,0.568
2008-05-02,100.32,100.39,99.61,99.8,133900,64.44,0.0
2008-05-05,99.51,99.7,99.51,99.64,121900,64.34,0.0
2008-05-06,99.28,99.28,98.68,98.93,121400,63.88,0.0
2008-05-07,99.22,99.23,98.62,99.0,65700,63.93,0.0
2008-05-08,99.17,99.19,98.75,98.79,59700,63.79,0.0
2008-05-09,98.87,99.0,98.49,99.0,73100,63.93,0.0
2008-05-12,98.92,98.93,98.5,98.87,91900,63.84,0.0
2008-05-13,98.98,99.04,98.71,98.84,59500,63.82,0.0
2008-05-14,98.94,99.14,98.1,98.7,153100,63.73,0.0
2008-05-15,99.16,99.25,98.25,98.96,146600,63.9,0.0
2008-05-16,98.72,99.14,98.6,99.1,79300,63.99,0.0
2008-05-19,99.35,99.58,99.2,99.49,58900,64.24,0.0
2008-05-20,99.5,99.5,99.07,99.3,49300,64.12,0.0
2008-05-21,99.35,99.35,99.02,99.12,97300,64.0,0.0
2008-05-22,99.0,99.24,98.73,98.97,51700,63.91,0.0
2008-05-23,98.7,98.81,97.7,98.38,401400,63.53,0.0
2008-05-27,98.36,98.36,97.54,97.83,65800,63.17,0.0
2008-05-28,97.6,98.34,97.6,98.31,73700,63.48,0.0
2008-05-29,98.25,98.4,98.0,98.21,76300,63.42,0.0
2008-05-30,98.23,98.23,98.07,98.22,53600,63.42,0.0
2008-06-02,97.59,97.67,95.82,96.78,374500,62.9,0.634
2008-06-03,97.3,97.3,96.3,96.85,80200,62.95,0.0
2008-06-04,96.93,96.93,96.45,96.75,46100,62.88,0.0
2008-06-05,97.0,97.2,96.88,97.17,49200,63.15,0.0
2008-06-06,96.97,97.38,96.78,96.9,43100,62.98,0.0
2008-06-09,97.27,97.37,96.61,97.21,47100,63.18,0.0
2008-06-10,97.0,97.26,96.86,97.25,52400,63.21,0.0
2008-06-11,97.5,97.98,97.0,97.23,66500,63.19,0.0
2008-06-12,96.93,97.35,96.71,97.07,41200,63.09,0.0
2008-06-13,97.1,97.5,96.35,97.5,58900,63.37,0.0
2008-06-16,96.6,97.07,96.11,96.15,61200,62.49,0.0
2008-06-17,96.03,96.8,95.97,96.32,87300,62.6,0.0
2008-06-18,96.3,96.85,96.05,96.53,67200,62.74,0.0
2008-06-19,96.22,96.22,95.65,95.92,86600,62.34,0.0
2008-06-20,95.8,95.88,95.25,95.54,40500,62.09,0.0
2008-06-23,95.59,95.64,95.09,95.19,37800,61.87,0.0
2008-06-24,95.1,95.63,94.49,94.79,176700,61.61,0.0
2008-06-25,94.64,95.14,94.5,95.11,92900,61.81,0.0
2008-06-26,94.18,94.6,93.8,94.36,96000,61.33,0.0
2008-06-27,94.02,94.2,93.59,94.1,58300,61.16,0.0
2008-06-30,93.9,94.1,93.54,94.0,84900,61.09,0.0
2008-07-01,92.43,94.0,92.35,93.25,957200,61.03,0.651
2008-07-02,93.02,93.5,92.57,93.18,81800,60.98,0.0
2008-07-03,93.37,93.58,92.99,93.14,41700,60.96,0.0
2008-07-07,93.57,93.57,92.71,93.22,102500,61.01,0.0
2008-07-08,93.15,93.21,92.66,92.97,170000,60.85,0.0
2008-07-09,92.8,93.2,92.55,92.65,79000,60.64,0.0
2008-07-10,92.42,93.09,92.34,92.77,99100,60.71,0.0
2008-07-11,92.31,92.81,92.23,92.65,310000,60.64,0.0
2008-07-14,93.16,93.16,91.9,92.43,41200,60.49,0.0
2008-07-15,91.71,91.8,90.73,91.0,149100,59.56,0.0
2008-07-16,91.2,91.57,91.0,91.3,25300,59.75,0.0
2008-07-17,91.7,92.55,91.46,91.57,41900,59.93,0.0
2008-07-18,92.09,93.04,91.77,93.04,48800,60.89,0.0
2008-07-21,93.52,93.69,93.0,93.5,49500,61.19,0.0
2008-07-22,93.3,93.89,93.12,93.82,103000,61.4,0.0
2008-07-23,93.65,93.93,93.55,93.57,193500,61.24,0.0
2008-07-24,93.81,94.24,93.26,93.79,64100,61.38,0.0
2008-07-25,93.75,94.53,93.7,93.99,188000,61.51,0.0
2008-07-28,93.44,93.73,93.3,93.67,75200,61.3,0.0
2008-07-29,93.56,93.83,93.2,93.69,65900,61.32,0.0
2008-07-30,93.35,93.74,93.0,93.71,103900,61.33,0.0
2008-07-31,93.37,93.9,93.0,93.9,82000,61.45,0.0
2008-08-01,92.7,93.07,92.4,92.82,25200,61.18,0.663
2008-08-04,92.38,92.48,92.04,92.18,75800,60.76,0.0
2008-08-05,92.33,93.7,92.02,92.83,70600,61.19,0.0
2008-08-06,92.26,92.35,92.0,92.21,44200,60.78,0.0
2008-08-07,92.17,92.26,92.0,92.1,42700,60.7,0.0
2008-08-08,92.07,92.28,91.97,92.26,62300,60.81,0.0
2008-08-11,91.85,92.15,91.36,92.0,49800,60.64,0.0
2008-08-12,92.18,92.47,91.9,92.36,95000,60.88,0.0
2008-08-13,92.3,92.5,92.0,92.5,47200,60.97,0.0
2008-08-14,92.4,92.5,92.16,92.5,58400,60.97,0.0
2008-08-15,92.44,92.74,92.42,92.71,39900,61.11,0.0
2008-08-18,92.75,92.99,92.02,92.5,91100,60.97,0.0
2008-08-19,92.65,92.75,92.25,92.68,101400,61.09,0.0
2008-08-20,92.68,92.82,92.33,92.66,30700,61.07,0.0
2008-08-21,92.37,92.6,92.25,92.53,103100,60.99,0.0
2008-08-22,92.45,92.75,92.0,92.0,58300,60.64,0.0
2008-08-25,92.11,92.52,92.11,92.5,60600,60.97,0.0
2008-08-26,92.56,92.56,91.9,92.0,259900,60.64,0.0
2008-08-27,92.38,92.38,91.83,92.1,68400,60.7,0.0
2008-08-28,92.38,92.42,92.02,92.23,74100,60.79,0.0
2008-08-29,92.45,92.59,92.0,92.4,59500,60.9,0.0
2008-09-02,92.24,92.53,91.62,91.8,57200,60.92,0.62
2008-09-03,92.0,92.1,91.83,92.1,50200,61.11,0.0
2008-09-04,92.5,92.5,92.31,92.5,46700,61.38,0.0
2008-09-05,92.26,92.43,91.52,92.42,62400,61.33,0.0
2008-09-08,93.14,93.14,92.15,92.31,59300,61.25,0.0
2008-09-09,92.57,92.91,92.2,92.51,168700,61.39,0.0
2008-09-10,92.48,92.48,92.0,92.0,61200,61.05,0.0
2008-09-11,92.17,92.34,91.66,92.0,101600,61.05,0.0
2008-09-12,91.88,92.03,91.48,92.0,121100,61.05,0.0
2008-09-15,91.88,91.88,88.0,88.62,377800,58.81,0.0
2008-09-16,87.04,87.41,82.24,86.58,283800,57.45,0.0
2008-09-17,86.17,86.4,79.25,81.38,283100,54.0,0.0
2008-09-18,82.99,88.2,81.41,87.8,226400,58.26,0.0
2008-09-19,89.0,92.05,88.1,88.92,77800,59.0,0.0
2008-09-22,89.1,90.2,88.6,88.84,34600,58.95,0.0
2008-09-23,89.57,89.75,87.0,87.97,64200,58.37,0.0
2008-09-24,88.05,89.69,88.05,88.76,57700,58.9,0.0
2008-09-25,88.85,88.85,86.5,86.5,73600,57.4,0.0
2008-09-26,85.48,86.94,84.93,86.2,50900,57.2,0.0
2008-09-29,86.23,86.23,76.0,79.22,174700,52.57,0.0
2008-09-30,82.51,82.64,80.6,82.0,113200,54.41,0.0
2008-10-01,82.33,85.2,82.0,84.85,991400,56.78,0.69
2008-10-02,84.87,84.87,81.01,82.64,230900,55.3,0.0
2008-10-03,83.23,83.76,81.75,82.34,51400,55.1,0.0
2008-10-06,80.5,81.75,77.55,79.35,134200,53.1,0.0
2008-10-07,79.51,82.67,77.89,78.01,240800,52.2,0.0
2008-10-08,76.62,78.2,74.22,74.75,157800,50.02,0.0
2008-10-09,75.2,78.26,73.01,73.01,113800,48.86,0.0
2008-10-10,71.37,71.37,63.96,68.14,274300,45.6,0.0
2008-10-13,70.55,76.5,70.46,76.5,230000,51.19,0.0
2008-10-14,78.25,79.33,75.5,77.0,372300,51.53,0.0
2008-10-15,75.99,75.99,71.88,73.64,374900,49.28,0.0
2008-10-16,74.32,74.33,70.0,70.85,167400,47.41,0.0
2008-10-17,70.51,70.84,69.5,70.0,120700,46.84,0.0
2008-10-20,71.55,71.8,70.0,71.4,1460200,47.78,0.0
2008-10-21,71.22,72.89,70.46,70.99,398300,47.51,0.0
2008-10-22,71.68,71.68,70.27,70.4,113300,47.11,0.0
2008-10-23,70.4,71.89,70.1,71.59,157700,47.91,0.0
2008-10-24,70.4,70.8,69.06,69.8,155600,46.71,0.0
2008-10-27,70.04,70.38,66.25,66.25,1313600,44.33,0.0
2008-10-28,67.69,68.7,67.0,67.0,158600,44.84,0.0
2008-10-29,67.41,71.0,67.41,70.05,318700,46.88,0.0
2008-10-30,70.95,71.97,70.5,71.97,169900,48.16,0.0
2008-10-31,71.6,72.26,71.59,72.0,126500,48.18,0.0
2008-11-03,72.26,72.26,71.7,71.89,168900,48.57,0.69
2008-11-04,72.78,72.78,71.75,72.7,430300,49.12,0.0
2008-11-05,72.78,73.22,72.0,72.1,392100,48.72,0.0
2008-11-06,71.01,72.5,71.0,72.1,198100,48.72,0.0
2008-11-07,72.63,72.94,72.0,72.85,221000,49.22,0.0
2008-11-10,73.05,73.42,72.0,72.86,148600,49.23,0.0
2008-11-11,73.59,73.59,72.05,72.73,107100,49.14,0.0
2008-11-12,72.69,72.69,71.54,71.7,129400,48.45,0.0
2008-11-13,71.12,71.86,70.67,71.32,211900,48.19,0.0
2008-11-14,71.38,71.38,70.0,70.45,115200,47.6,0.0
2008-11-17,70.45,70.94,69.11,69.36,157200,46.86,0.0
2008-11-18,69.0,69.44,67.6,67.9,174700,45.88,0.0
2008-11-19,67.04,67.77,65.06,65.58,174100,44.31,0.0
2008-11-20,65.02,65.34,62.5,63.4,606400,42.84,0.0
2008-11-21,64.92,65.27,63.21,64.03,238500,43.26,0.0
2008-11-24,65.16,65.69,64.03,64.32,232500,43.46,0.0
2008-11-25,65.84,65.84,63.77,64.99,313500,43.91,0.0
2008-11-26,66.06,66.54,65.1,66.5,256400,44.93,0.0
2008-11-28,65.38,66.53,65.38,66.25,420700,44.76,0.0
2008-12-01,65.11,65.66,63.67,64.2,409700,43.84,0.698
2008-12-02,65.27,65.27,64.25,64.89,501700,44.31,0.0
2008-12-03,64.8,64.93,64.41,64.9,247800,44.32,0.0
2008-12-04,64.91,65.0,64.17,64.52,214200,44.06,0.0
2008-12-05,64.12,64.55,63.5,64.55,485500,44.08,0.0
2008-12-08,64.55,65.38,63.8,65.3,703700,44.59,0.0
2008-12-09,65.21,65.34,64.5,64.81,631800,44.26,0.0
2008-12-10,65.06,65.13,64.0,64.76,379100,44.22,0.0
2008-12-11,64.53,65.0,64.26,64.26,914500,43.88,0.0
2008-12-12,64.35,65.3,64.05,65.15,320000,44.49,0.0
2008-12-15,64.42,65.64,64.42,64.81,611300,44.26,0.0
2008-12-16,66.01,66.03,64.6,66.01,523700,45.08,0.0
2008-12-17,66.38,68.1,65.6,67.7,1671500,46.23,0.0
2008-12-18,68.72,72.46,68.09,71.63,2134800,48.91,0.0
2008-12-19,70.99,71.25,70.13,71.15,1174700,48.59,0.0
2008-12-22,71.34,74.36,70.8,74.0,1764700,50.53,0.0
2008-12-23,74.38,75.29,73.81,75.08,1220400,51.27,0.0
2008-12-24,74.68,75.5,73.48,73.9,787700,50.46,0.0
2008-12-26,73.99,75.34,73.03,75.31,1291200,51.43,0.0
2008-12-29,75.25,75.79,74.5,75.29,1020000,51.77,0.524
2008-12-30,76.16,76.16,74.81,75.52,530100,51.93,0.0
2008-12-31,75.54,76.15,75.07,76.01,707400,52.27,0.0
2009-01-02,75.58,76.45,75.58,75.77,673600,52.1,0.0
2009-01-05,75.42,81.87,75.37,79.43,1907500,54.62,0.0
2009-01-06,80.19,80.61,79.52,80.1,2267000,55.08,0.0
2009-01-07,79.94,80.36,77.75,78.65,1748100,54.08,0.0
2009-01-08,78.31,78.31,76.86,77.51,972100,53.3,0.0
2009-01-09,78.86,78.86,77.55,78.65,826600,54.08,0.0
2009-01-12,78.99,79.1,76.21,76.94,867700,52.91,0.0
2009-01-13,77.81,77.81,75.82,76.66,613500,52.72,0.0
2009-01-14,75.55,76.2,73.68,75.68,1006000,52.04,0.0
2009-01-15,75.11,75.53,74.52,75.38,1122500,51.84,0.0
2009-01-16,75.24,76.12,73.79,75.99,574800,52.25,0.0
2009-01-20,75.01,75.53,74.02,74.69,544100,51.36,0.0
2009-01-21,74.82,75.04,73.68,74.7,534200,51.37,0.0
2009-01-22,74.87,74.87,73.76,74.5,454800,51.23,0.0
2009-01-23,73.82,74.33,72.4,73.31,1556100,50.41,0.0
2009-01-26,73.78,74.24,73.07,73.5,573600,50.54,0.0
2009-01-27,74.17,74.44,73.57,74.18,637500,51.01,0.0
2009-01-28,74.94,76.87,74.77,76.81,1549400,52.82,0.0
2009-01-29,75.95,76.36,74.52,74.9,685200,51.51,0.0
2009-01-30,75.59,75.59,74.61,75.24,469800,51.74,0.0
2009-02-02,73.88,74.21,72.4,72.9,1037900,50.64,0.753
2009-02-03,73.47,73.51,72.51,73.03,642100,50.73,0.0
2009-02-04,73.48,73.57,72.84,72.97,891500,50.69,0.0
2009-02-05,73.33,73.76,72.03,72.37,836600,50.27,0.0
2009-02-06,72.9,73.84,72.6,73.83,830900,51.28,0.0
2009-02-09,73.7,74.59,73.56,74.4,831400,51.68,0.0
2009-02-10,74.55,74.57,73.52,73.91,831000,51.34,0.0
2009-02-11,74.25,74.34,73.6,73.74,592100,51.22,0.0
2009-02-12,73.09,73.51,72.84,73.51,509200,51.06,0.0
2009-02-13,73.67,73.8,73.1,73.8,299100,51.26,0.0
2009-02-17,73.78,73.84,71.6,71.92,1521100,49.96,0.0
2009-02-18,72.32,72.47,69.5,71.49,1414600,49.66,0.0
2009-02-19,71.82,72.34,71.52,71.85,385300,49.91,0.0
2009-02-20,70.19,71.17,69.53,70.8,647700,49.18,0.0
2009-02-23,70.82,71.69,68.26,69.02,884500,47.94,0.0
2009-02-24,69.31,70.5,69.0,70.0,647300,48.62,0.0
2009-02-25,70.16,70.16,69.2,69.66,567600,48.39,0.0
2009-02-26,69.75,69.87,67.63,68.28,603200,47.43,0.0
2009-02-27,68.01,68.45,67.0,67.25,824700,46.71,0.0
2009-03-02,66.33,66.81,64.8,65.15,993600,45.74,0.719
2009-03-03,65.71,66.3,64.9,65.41,752700,45.92,0.0
2009-03-04,65.64,66.45,64.81,65.4,572900,45.92,0.0
2009-03-05,65.35,65.4,62.24,62.3,1117900,43.74,0.0
2009-03-06,62.7,63.74,61.87,62.0,1216800,43.53,0.0
2009-03-09,62.32,62.83,61.5,61.64,645100,43.28,0.0
2009-03-10,62.35,64.91,62.35,64.69,1111400,45.42,0.0
2009-03-11,65.46,65.95,64.94,65.72,769500,46.14,0.0
2009-03-12,65.75,66.84,65.52,66.81,762800,46.91,0.0
2009-03-13,67.02,67.11,66.5,66.96,632300,47.01,0.0
2009-03-16,67.17,67.83,67.06,67.34,514600,47.28,0.0
2009-03-17,67.3,67.4,66.42,66.96,460100,47.01,0.0
2009-03-18,66.97,68.62,66.58,68.5,611000,48.09,0.0
2009-03-19,68.46,68.62,67.25,67.9,711800,47.67,0.0
2009-03-20,67.99,68.38,67.53,67.77,394900,47.58,0.0
2009-03-23,68.61,69.2,67.63,69.17,461200,48.56,0.0
2009-03-24,69.07,69.46,68.63,69.3,425000,48.66,0.0
2009-03-25,69.39,70.05,69.39,69.67,800700,48.92,0.0
2009-03-26,70.11,70.77,69.73,70.75,660200,49.67,0.0
2009-03-27,70.6,70.6,68.91,70.03,1157900,49.17,0.0
2009-03-30,69.65,69.65,66.75,66.75,1299900,46.87,0.0
2009-03-31,68.14,68.77,67.5,67.8,632700,47.6,0.0
2009-04-01,67.67,67.93,66.91,67.1,654300,47.68,0.806
2009-04-02,68.04,69.64,67.41,69.54,1469600,49.41,0.0
2009-04-03,69.71,70.8,69.5,70.52,1355600,50.11,0.0
2009-04-06,70.12,70.89,69.45,70.29,648200,49.95,0.0
2009-04-07,70.09,70.09,69.12,69.48,459900,49.37,0.0
2009-04-08,68.8,70.6,68.8,70.3,721600,49.95,0.0
2009-04-09,71.0,72.55,71.0,72.3,1123800,51.37,0.0
2009-04-13,71.45,72.48,71.0,72.25,801800,51.34,0.0
2009-04-14,72.24,72.24,71.51,71.88,617000,51.07,0.0
2009-04-15,72.22,72.5,71.67,72.49,501700,51.51,0.0
2009-04-16,72.71,74.33,72.67,73.64,1109500,52.33,0.0
2009-04-17,73.89,75.75,73.5,75.25,683000,53.47,0.0
2009-04-20,74.63,74.95,72.38,72.5,1003100,51.52,0.0
2009-04-21,72.41,73.8,71.53,73.32,264800,52.1,0.0
2009-04-22,73.03,74.16,72.12,73.67,715200,52.35,0.0
2009-04-23,73.71,74.0,73.27,73.59,701300,52.29,0.0
2009-04-24,73.99,74.84,73.7,74.73,522500,53.1,0.0
2009-04-27,74.2,74.52,73.81,74.14,813400,52.68,0.0
2009-04-28,73.9,74.86,73.35,74.3,460200,52.79,0.0
2009-04-29,74.99,75.8,74.86,75.68,1167900,53.77,0.0
2009-04-30,76.32,76.49,75.55,76.27,919500,54.19,0.0
2009-05-01,75.77,76.09,74.61,75.56,609400,54.11,0.591
2009-05-04,75.89,75.95,75.0,75.38,1043400,53.98,0.0
2009-05-05,75.4,76.04,75.35,76.03,799800,54.45,0.0
2009-05-06,76.33,76.79,75.55,76.66,738600,54.9,0.0
2009-05-07,77.55,77.66,74.79,75.4,1546800,53.99,0.0
2009-05-08,76.43,77.1,76.21,76.75,1375800,54.96,0.0
2009-05-11,76.57,76.77,75.42,76.35,531000,54.67,0.0
2009-05-12,76.0,76.65,75.7,76.65,682300,54.89,0.0
2009-05-13,76.48,76.52,75.5,75.65,1118700,54.17,0.0
2009-05-14,75.51,75.63,74.39,74.85,966300,53.6,0.0
2009-05-15,74.85,74.89,73.08,73.8,1007100,52.85,0.0
2009-05-18,74.34,75.44,74.17,75.37,831000,53.97,0.0
2009-05-19,75.45,76.13,74.86,75.87,902800,54.33,0.0
2009-05-20,76.11,77.19,75.87,76.99,1158400,55.13,0.0
2009-05-21,76.69,76.93,76.0,76.0,1274700,54.42,0.0
2009-05-22,76.33,77.39,76.03,77.05,762300,55.18,0.0
2009-05-26,76.81,77.29,76.38,76.85,855100,55.03,0.0
2009-05-27,77.34,77.51,76.99,76.99,757300,55.13,0.0
2009-05-28,77.49,77.7,76.99,77.26,583900,55.33,0.0
2009-05-29,77.79,78.17,77.45,77.84,621200,55.74,0.0
2009-06-01,77.79,78.98,77.79,78.95,1293700,57.06,0.715
2009-06-02,78.66,78.73,77.93,78.72,782200,56.89,0.0
2009-06-03,78.92,78.94,78.01,78.27,776100,56.57,0.0
2009-06-04,78.02,78.7,78.02,78.51,638100,56.74,0.0
2009-06-05,78.99,78.99,78.31,78.76,704400,56.92,0.0
2009-06-08,78.97,79.25,78.32,78.9,593000,57.02,0.0
2009-06-09,78.61,79.23,78.61,79.05,559600,57.13,0.0
2009-06-10,79.27,79.5,78.72,79.15,636700,57.21,0.0
2009-06-11,79.13,79.96,79.13,79.33,524400,57.34,0.0
2009-06-12,79.61,79.87,79.33,79.74,566000,57.63,0.0
2009-06-15,79.65,79.71,78.48,78.56,574500,56.78,0.0
2009-06-16,78.99,79.23,77.28,77.81,1180400,56.24,0.0
2009-06-17,77.79,78.27,77.02,77.36,1240800,55.91,0.0
2009-06-18,77.05,78.21,77.05,78.1,766200,56.45,0.0
2009-06-19,77.71,78.29,77.71,78.18,667900,56.5,0.0
2009-06-22,78.08,78.08,76.5,77.12,1096700,55.74,0.0
2009-06-23,76.86,77.74,76.86,77.25,582200,55.83,0.0
2009-06-24,77.49,78.3,77.25,77.64,576400,56.11,0.0
2009-06-25,77.89,78.44,77.61,78.38,647900,56.65,0.0
2009-06-26,78.34,78.39,77.79,78.36,495900,56.63,0.0
2009-06-29,78.44,79.34,78.41,79.34,647700,57.34,0.0
2009-06-30,79.5,79.85,79.22,79.71,538900,57.61,0.0
2009-07-01,79.25,79.51,78.79,79.18,922100,57.75,0.725
2009-07-02,78.92,78.95,77.71,77.8,651200,56.75,0.0
2009-07-06,77.52,78.04,76.61,76.64,794500,55.9,0.0
2009-07-07,77.13,77.32,75.57,75.57,886300,55.12,0.0
2009-07-08,75.61,76.89,75.55,76.03,1382300,55.45,0.0
2009-07-09,76.63,77.38,76.19,77.12,544900,56.25,0.0
2009-07-10,76.95,77.9,76.13,76.53,393700,55.82,0.0
2009-07-13,77.21,77.21,76.28,76.7,521500,55.94,0.0
2009-07-14,76.6,77.4,76.49,77.0,506600,56.16,0.0
2009-07-15,77.4,78.7,77.28,78.7,1040200,57.4,0.0
2009-07-16,78.53,79.0,78.0,78.94,515600,57.58,0.0
2009-07-17,78.83,79.02,78.65,79.01,597100,57.63,0.0
2009-07-20,79.23,80.21,79.23,80.11,784700,58.43,0.0
2009-07-21,80.34,80.85,79.81,80.5,938600,58.71,0.0
2009-07-22,80.4,80.76,80.0,80.6,483000,58.79,0.0
2009-07-23,81.0,81.79,80.42,81.42,750700,59.39,0.0
2009-07-24,81.8,82.01,80.73,81.9,639300,59.74,0.0
2009-07-27,82.17,82.29,81.62,82.05,512700,59.85,0.0
2009-07-28,82.14,82.42,81.8,82.14,591800,59.91,0.0
2009-07-29,82.44,82.76,82.06,82.42,627900,60.12,0.0
2009-07-30,82.85,83.91,82.65,83.1,976900,60.61,0.0
2009-07-31,83.75,84.65,83.38,84.45,740700,61.6,0.0
2009-08-03,83.77,84.19,83.69,83.9,880400,61.71,0.708
2009-08-04,84.3,84.34,83.02,83.72,615100,61.58,0.0
2009-08-05,83.54,83.98,82.81,83.45,756000,61.38,0.0
2009-08-06,83.71,83.8,82.6,82.79,619500,60.9,0.0
2009-08-07,83.22,84.11,82.79,83.37,711300,61.32,0.0
2009-08-10,83.63,83.77,83.06,83.75,527800,61.6,0.0
2009-08-11,83.75,84.05,83.24,83.55,623000,61.45,0.0
2009-08-12,83.28,83.64,83.0,83.34,491400,61.3,0.0
2009-08-13,83.34,83.35,82.08,82.28,825300,60.52,0.0
2009-08-14,82.62,82.62,81.75,81.87,585500,60.22,0.0
2009-08-17,81.39,81.65,79.63,79.87,1160800,58.75,0.0
2009-08-18,80.55,81.39,80.0,81.25,639200,59.76,0.0
2009-08-19,81.14,81.58,80.5,81.58,501700,60.01,0.0
2009-08-20,81.66,81.84,81.26,81.33,601200,59.82,0.0
2009-08-21,81.7,82.44,81.52,82.44,570400,60.64,0.0
2009-08-24,82.48,82.5,81.72,82.01,874600,60.32,0.0
2009-08-25,82.38,82.38,81.8,82.0,565000,60.31,0.0
2009-08-26,82.34,82.45,81.97,82.32,476100,60.55,0.0
2009-08-27,82.55,82.64,81.88,81.9,968500,60.24,0.0
2009-08-28,82.5,82.5,82.12,82.31,595800,60.54,0.0
2009-08-31,82.4,82.5,82.02,82.32,498500,60.55,0.0
2009-09-01,81.68,81.68,80.6,80.85,742300,59.98,0.702
2009-09-02,80.85,80.89,80.1,80.42,698800,59.66,0.0
2009-09-03,80.69,81.08,80.45,80.94,486000,60.05,0.0
2009-09-04,81.18,81.91,80.99,81.56,667000,60.51,0.0
2009-09-08,81.93,82.72,81.83,82.72,974200,61.37,0.0
2009-09-09,82.49,82.8,81.75,81.94,1454000,60.79,0.0
2009-09-10,82.37,83.25,82.02,83.21,695600,61.73,0.0
2009-09-11,83.55,84.14,83.27,84.0,607200,62.32,0.0
2009-09-14,84.07,84.15,83.51,84.1,579300,62.39,0.0
2009-09-15,84.37,84.72,84.12,84.7,1289500,62.84,0.0
2009-09-16,85.32,85.82,85.05,85.79,1143900,63.65,0.0
2009-09-17,85.79,85.94,85.16,85.94,733400,63.76,0.0
2009-09-18,85.72,86.06,84.86,85.7,565700,63.58,0.0
2009-09-21,85.5,85.75,84.93,85.75,510600,63.62,0.0
2009-09-22,86.02,86.13,85.5,85.65,413400,63.54,0.0
2009-09-23,85.9,86.36,85.8,85.91,464900,63.73,0.0
2009-09-24,86.3,86.49,85.71,86.07,774000,63.85,0.0
2009-09-25,86.1,86.38,85.45,85.79,454800,63.65,0.0
2009-09-28,86.15,86.54,85.36,86.47,455200,64.15,0.0
2009-09-29,86.45,86.49,86.19,86.37,693000,64.08,0.0
2009-09-30,86.35,86.69,85.94,86.35,688000,64.06,0.0
2009-10-01,85.36,85.41,83.39,83.39,3014800,62.37,0.705
2009-10-02,83.04,83.61,82.0,83.42,1694100,62.4,0.0
2009-10-05,83.67,84.54,83.55,84.54,556200,63.23,0.0
2009-10-06,84.79,85.17,84.2,84.25,813300,63.02,0.0
2009-10-07,84.12,85.08,84.12,84.87,637400,63.48,0.0
2009-10-08,84.87,85.42,84.87,85.41,824700,63.88,0.0
2009-10-09,85.11,85.74,84.95,85.74,680100,64.13,0.0
2009-10-12,85.87,85.88,85.55,85.72,354200,64.12,0.0
2009-10-13,85.87,85.87,85.19,85.7,295500,64.1,0.0
2009-10-14,86.0,86.12,85.72,86.04,749900,64.36,0.0
2009-10-15,86.07,86.1,85.75,86.02,382100,64.34,0.0
2009-10-16,86.07,86.09,85.6,86.01,443100,64.33,0.0
2009-10-19,86.17,86.27,85.95,86.03,534700,64.35,0.0
2009-10-20,86.13,86.43,86.01,86.19,419300,64.47,0.0
2009-10-21,86.33,86.93,86.15,86.34,869100,64.58,0.0
2009-10-22,86.67,87.0,86.47,87.0,646200,65.07,0.0
2009-10-23,87.2,87.2,86.61,86.85,420200,64.96,0.0
2009-10-26,86.66,87.04,86.62,86.9,779800,65.0,0.0
2009-10-27,86.9,86.9,86.05,86.22,1527900,64.49,0.0
2009-10-28,86.38,86.48,84.79,84.8,1266000,63.43,0.0
2009-10-29,85.18,86.45,85.05,85.99,1350500,64.32,0.0
2009-10-30,86.0,86.21,84.87,85.18,1466000,63.71,0.0
2009-11-02,84.93,85.57,84.65,85.14,70300,64.21,0.703
2009-11-03,84.59,85.58,84.59,85.33,1135400,64.36,0.0
2009-11-04,85.9,86.0,85.3,85.46,687800,64.45,0.0
2009-11-05,85.63,85.66,85.24,85.53,506800,64.51,0.0
2009-11-06,85.47,85.65,85.37,85.61,547700,64.57,0.0
2009-11-09,85.79,85.98,85.7,85.95,571400,64.82,0.0
2009-11-10,85.87,85.98,85.66,85.92,667800,64.8,0.0
2009-11-11,85.96,86.2,85.88,85.97,509500,64.84,0.0
2009-11-12,86.09,86.11,85.75,86.07,619900,64.91,0.0
2009-11-13,85.89,86.25,85.75,85.9,491100,64.79,0.0
2009-11-16,86.33,86.65,86.05,86.3,714900,65.09,0.0
2009-11-17,86.48,86.48,86.15,86.28,438400,65.07,0.0
2009-11-18,86.36,86.44,86.06,86.06,630200,64.91,0.0
2009-11-19,86.2,86.3,85.87,86.24,679700,65.04,0.0
2009-11-20,86.14,86.34,86.0,86.22,544200,65.03,0.0
2009-11-23,86.28,86.37,86.1,86.13,428600,64.96,0.0
2009-11-24,86.26,86.3,86.05,86.18,526800,65.0,0.0
2009-11-25,86.25,86.65,86.21,86.22,548900,65.03,0.0
2009-11-27,85.36,85.85,85.05,85.62,570000,64.57,0.0
2009-11-30,85.6,86.1,85.6,85.9,674100,64.79,0.0
2009-12-01,85.59,85.83,85.35,85.7,749100,65.11,0.622
2009-12-02,85.7,85.96,85.6,85.79,537400,65.17,0.0
2009-12-03,85.93,86.26,85.86,85.9,489600,65.26,0.0
2009-12-04,86.21,86.56,86.21,86.25,532000,65.52,0.0
2009-12-07,86.34,86.44,86.16,86.36,397200,65.61,0.0
2009-12-08,86.35,86.5,86.19,86.46,359000,65.68,0.0
2009-12-09,86.52,86.63,86.43,86.46,357000,65.68,0.0
2009-12-10,86.62,86.89,86.61,86.89,401000,66.01,0.0
2009-12-11,87.0,87.06,86.84,86.94,444100,66.05,0.0
2009-12-14,87.0,87.76,87.0,87.64,1132700,66.58,0.0
2009-12-15,87.6,87.7,87.26,87.55,417600,66.51,0.0
2009-12-16,87.75,87.79,87.31,87.75,621100,66.66,0.0
2009-12-17,87.6,87.78,87.49,87.7,350200,66.63,0.0
2009-12-18,87.78,87.83,87.61,87.65,281600,66.59,0.0
2009-12-21,87.81,87.94,87.65,87.91,646800,66.79,0.0
2009-12-22,88.0,88.12,87.87,88.1,432500,66.93,0.0
2009-12-23,88.15,88.45,88.12,88.31,440100,67.09,0.0
2009-12-24,88.39,88.77,88.3,88.64,188800,67.34,0.0
2009-12-28,88.73,88.8,88.25,88.38,532400,67.14,0.0
2009-12-29,87.85,87.9,87.3,87.33,494600,66.78,0.58
2009-12-30,87.5,87.78,87.43,87.7,421600,67.07,0.0
2009-12-31,87.84,87.9,87.58,87.84,346000,67.17,0.0
2010-01-04,88.0,88.53,88.0,88.53,1316800,67.7,0.0
2010-01-05,88.75,89.08,88.42,88.95,733000,68.02,0.0
2010-01-06,89.04,89.26,89.0,89.18,715700,68.2,0.0
2010-01-07,89.38,89.63,89.11,89.54,956000,68.47,0.0
2010-01-08,89.56,89.81,89.51,89.68,711400,68.58,0.0
2010-01-11,89.5,89.71,89.48,89.6,895800,68.52,0.0
2010-01-12,89.5,90.29,89.05,89.14,1133900,68.17,0.0
2010-01-13,89.1,89.42,89.1,89.34,868900,68.32,0.0
2010-01-14,89.44,89.48,89.21,89.44,394600,68.4,0.0
2010-01-15,89.52,89.52,88.99,89.08,835300,68.12,0.0
2010-01-19,89.0,89.2,88.97,89.12,796900,68.15,0.0
2010-01-20,89.15,89.21,88.86,88.99,588500,68.05,0.0
2010-01-21,89.16,89.16,87.6,87.6,1416800,66.99,0.0
2010-01-22,87.99,88.04,86.61,86.77,1394400,66.35,0.0
2010-01-25,87.24,87.44,86.75,86.9,711300,66.45,0.0
2010-01-26,87.2,87.43,86.9,87.01,576000,66.54,0.0
2010-01-27,86.96,87.42,86.92,87.04,876500,66.56,0.0
2010-01-28,87.11,87.24,86.55,86.67,833700,66.28,0.0
2010-01-29,87.27,87.27,86.22,86.23,1357000,65.94,0.0
2010-02-01,85.95,86.28,85.65,85.98,924700,66.26,0.663
2010-02-02,86.27,86.61,86.0,86.24,1238500,66.46,0.0
2010-02-03,86.4,86.71,86.22,86.68,641200,66.8,0.0
2010-02-04,86.3,86.35,85.38,85.45,1762600,65.85,0.0
2010-02-05,85.33,85.33,83.45,84.95,3261500,65.47,0.0
2010-02-08,84.8,85.13,84.39,84.58,1202400,65.18,0.0
2010-02-09,84.86,85.05,84.46,84.75,853800,65.31,0.0
2010-02-10,84.7,84.92,83.6,83.61,1463200,64.43,0.0
2010-02-11,83.91,84.42,83.39,83.95,1157700,64.7,0.0
2010-02-12,83.96,84.17,83.38,83.9,743100,64.66,0.0
2010-02-16,83.67,85.02,83.67,84.73,1061300,65.3,0.0
2010-02-17,85.17,85.47,85.13,85.38,1400200,65.8,0.0
2010-02-18,85.49,86.39,85.49,86.19,1153400,66.42,0.0
2010-02-19,86.37,86.78,86.3,86.77,1485600,66.87,0.0
2010-02-22,86.89,87.06,86.71,86.88,1596200,66.95,0.0
2010-02-23,87.02,87.1,85.95,86.25,1014900,66.47,0.0
2010-02-24,86.57,86.98,86.35,86.58,1047000,66.72,0.0
2010-02-25,86.28,86.65,86.0,86.59,503400,66.73,0.0
2010-02-26,86.75,87.22,86.66,87.17,697900,67.18,0.0
2010-03-01,86.69,86.78,86.5,86.59,1468800,67.23,0.646
2010-03-02,86.88,87.2,86.69,87.15,1291800,67.66,0.0
2010-03-03,87.28,87.38,87.09,87.24,986800,67.73,0.0
2010-03-04,87.43,87.43,87.08,87.31,641100,67.79,0.0
2010-03-05,87.59,87.84,87.29,87.83,975800,68.19,0.0
2010-03-08,87.97,88.1,87.79,87.85,937900,68.21,0.0
2010-03-09,87.82,88.23,87.8,88.23,630800,68.5,0.0
2010-03-10,88.02,88.3,88.0,88.26,640200,68.53,0.0
2010-03-11,88.17,88.25,88.02,88.18,488500,68.46,0.0
2010-03-12,88.19,88.37,88.15,88.2,636700,68.48,0.0
2010-03-15,88.21,88.25,87.93,88.1,471400,68.4,0.0
2010-03-16,88.22,88.48,87.99,88.4,923300,68.63,0.0
2010-03-17,88.47,88.64,88.34,88.4,918300,68.63,0.0
2010-03-18,88.48,88.64,88.41,88.53,637200,68.73,0.0
2010-03-19,88.58,88.6,87.97,88.09,674600,68.39,0.0
2010-03-22,87.95,88.52,87.81,88.51,759000,68.72,0.0
2010-03-23,88.52,88.6,88.33,88.5,699200,68.71,0.0
2010-03-24,88.48,88.59,88.35,88.45,430800,68.67,0.0
2010-03-25,88.64,88.81,88.51,88.66,1005200,68.84,0.0
2010-03-26,88.62,88.7,88.5,88.63,1312500,68.81,0.0
2010-03-29,88.74,88.76,88.7,88.74,546200,68.9,0.0
2010-03-30,88.75,88.87,88.56,88.65,605600,68.83,0.0
2010-03-31,88.57,88.6,87.81,88.37,1255400,68.61,0.0
2010-04-01,87.84,88.0,87.5,87.5,773100,68.44,0.658
2010-04-05,87.65,87.98,87.41,87.46,930200,68.41,0.0
2010-04-06,87.51,88.08,87.45,88.03,679100,68.86,0.0
2010-04-07,87.91,88.24,87.9,88.16,859000,68.96,0.0
2010-04-08,88.1,88.35,88.01,88.31,736100,69.08,0.0
2010-04-09,88.3,88.57,88.26,88.44,679800,69.18,0.0
2010-04-12,88.55,88.66,88.44,88.46,443300,69.2,0.0
2010-04-13,88.64,88.82,88.64,88.7,1162900,69.38,0.0
2010-04-14,88.9,89.02,88.8,88.94,857700,69.57,0.0
2010-04-15,89.02,89.47,88.92,89.18,1251000,69.76,0.0
2010-04-16,89.15,89.35,88.1,88.46,1334100,69.2,0.0
2010-04-19,88.26,88.49,88.05,88.29,757200,69.06,0.0
2010-04-20,88.66,90.33,88.51,89.24,1299400,69.81,0.0
2010-04-21,89.34,89.41,89.09,89.25,553100,69.81,0.0
2010-04-22,89.22,89.22,88.78,88.99,250700,69.61,0.0
2010-04-23,89.0,89.6,88.87,89.57,676000,70.06,0.0
2010-04-26,89.4,89.7,89.4,89.57,440100,70.06,0.0
2010-04-27,89.57,89.73,88.37,88.44,1220700,69.18,0.0
2010-04-28,88.8,88.92,88.5,88.5,988000,69.23,0.0
2010-04-29,88.91,89.23,88.89,89.11,812200,69.7,0.0
2010-04-30,88.96,89.52,88.96,89.4,809800,69.93,0.0
2010-05-03,88.8,89.09,88.75,88.75,639000,69.92,0.64
2010-05-04,88.56,88.63,87.81,87.84,786100,69.21,0.0
2010-05-05,87.25,87.35,86.1,86.64,2567500,68.26,0.0
2010-05-06,86.28,86.51,78.96,84.49,6587300,66.57,0.0
2010-05-07,84.45,85.12,82.51,84.48,2584000,66.56,0.0
2010-05-10,86.89,87.4,85.61,86.06,1670100,67.8,0.0
2010-05-11,85.67,86.88,85.58,85.96,1524400,67.72,0.0
2010-05-12,86.5,87.03,86.43,87.01,1031200,68.55,0.0
2010-05-13,87.09,87.25,86.47,86.47,1151600,68.13,0.0
2010-05-14,86.21,86.46,85.36,85.97,1050700,67.73,0.0
2010-05-17,85.95,86.19,85.12,85.86,1120800,67.65,0.0
2010-05-18,86.32,86.46,85.41,85.68,1067400,67.5,0.0
2010-05-19,85.41,85.65,84.26,85.18,1565100,67.11,0.0
2010-05-20,83.89,83.89,81.33,82.64,3092800,65.11,0.0
2010-05-21,81.49,84.4,81.43,84.3,1815000,66.42,0.0
2010-05-24,84.1,85.2,83.99,84.43,1266200,66.52,0.0
2010-05-25,83.2,84.33,82.01,84.33,1507500,66.44,0.0
2010-05-26,84.64,85.05,83.19,83.32,1738300,65.64,0.0
2010-05-27,84.14,84.88,84.14,84.47,828500,66.55,0.0
2010-05-28,84.79,84.84,84.32,84.61,1253900,66.66,0.0
2010-06-01,83.61,84.35,83.37,83.57,770300,66.35,0.643
2010-06-02,83.93,84.14,83.7,84.0,1414500,66.69,0.0
2010-06-03,84.22,84.4,83.71,84.03,877200,66.71,0.0
2010-06-04,83.51,84.15,83.33,83.56,1439000,66.34,0.0
2010-06-07,83.47,84.27,82.98,82.98,992900,65.88,0.0
2010-06-08,83.52,83.52,82.55,83.11,1085200,65.98,0.0
2010-06-09,83.3,83.45,83.01,83.29,1081900,66.12,0.0
2010-06-10,83.61,84.14,83.37,84.14,588200,66.8,0.0
2010-06-11,83.69,84.28,83.59,84.26,468300,66.89,0.0
2010-06-14,84.35,84.7,84.25,84.37,843100,66.98,0.0
2010-06-15,84.65,85.43,84.56,85.19,1387200,67.63,0.0
2010-06-16,84.99,85.32,84.8,85.26,1877200,67.69,0.0
2010-06-17,85.5,85.94,85.36,85.9,1097000,68.2,0.0
2010-06-18,85.98,86.33,85.93,86.27,734300,68.49,0.0
2010-06-21,86.77,86.82,86.47,86.58,1094400,68.74,0.0
2010-06-22,86.5,86.6,85.62,85.96,1011000,68.24,0.0
2010-06-23,86.03,86.09,85.29,85.9,882300,68.2,0.0
2010-06-24,85.72,85.77,85.2,85.31,613600,67.73,0.0
2010-06-25,85.63,85.74,85.25,85.7,536500,68.04,0.0
2010-06-28,85.82,86.2,85.67,85.89,682200,68.19,0.0
2010-06-29,85.57,85.58,84.53,85.03,1354400,67.51,0.0
2010-06-30,84.85,85.12,84.51,84.9,1111300,67.4,0.0
2010-07-01,84.46,84.72,83.46,84.68,2044000,67.72,0.623
2010-07-02,84.56,85.15,84.5,84.7,880400,67.74,0.0
2010-07-06,85.21,85.41,84.86,85.37,1176600,68.28,0.0
2010-07-07,85.38,86.48,85.2,86.4,1173900,69.1,0.0
2010-07-08,86.66,86.84,86.12,86.8,1525200,69.42,0.0
2010-07-09,86.8,86.8,86.47,86.6,778800,69.26,0.0
2010-07-12,86.71,86.72,85.86,86.53,786500,69.2,0.0
2010-07-13,86.75,87.35,86.52,87.2,1464900,69.74,0.0
2010-07-14,87.05,87.26,86.88,87.12,640400,69.68,0.0
2010-07-15,86.96,87.3,86.92,87.25,565900,69.78,0.0
2010-07-16,87.19,87.21,86.48,86.72,1215300,69.36,0.0
2010-07-19,86.98,87.22,86.73,87.01,556000,69.59,0.0
2010-07-20,87.0,88.16,86.86,87.71,2442800,70.15,0.0
2010-07-21,88.08,88.44,87.37,87.67,1376100,70.12,0.0
2010-07-22,87.95,88.46,87.95,88.45,809300,70.74,0.0
2010-07-23,88.39,88.85,88.04,88.85,985400,71.06,0.0
2010-07-26,88.8,88.96,88.47,88.89,887200,71.09,0.0
2010-07-27,88.99,89.1,88.48,88.77,887100,71.0,0.0
2010-07-28,88.88,88.95,88.52,88.58,603100,70.84,0.0
2010-07-29,88.88,88.93,88.58,88.85,628800,71.06,0.0
2010-07-30,88.6,88.87,88.35,88.62,1038700,70.88,0.0
2010-08-02,88.39,88.55,88.2,88.48,1021600,71.25,0.599
2010-08-03,88.17,88.63,88.09,88.48,1705900,71.25,0.0
2010-08-04,88.58,88.59,88.29,88.43,1844200,71.2,0.0
2010-08-05,88.34,88.41,88.15,88.39,708100,71.17,0.0
2010-08-06,88.34,88.39,87.87,88.37,830300,71.16,0.0
2010-08-09,88.59,88.59,88.09,88.21,1266200,71.03,0.0
2010-08-10,88.23,88.3,87.95,88.18,1271500,71.0,0.0
2010-08-11,87.59,87.7,86.9,87.03,1558600,70.08,0.0
2010-08-12,86.65,87.14,86.2,86.73,1261600,69.84,0.0
2010-08-13,86.97,87.33,86.65,87.11,776300,70.14,0.0
2010-08-16,86.99,87.47,86.98,87.22,1087600,70.23,0.0
2010-08-17,87.55,87.78,87.47,87.55,860800,70.5,0.0
2010-08-18,87.6,87.76,87.5,87.7,717000,70.62,0.0
2010-08-19,87.7,87.81,87.28,87.52,882800,70.47,0.0
2010-08-20,87.52,87.77,87.46,87.73,557700,70.64,0.0
2010-08-23,87.8,87.81,87.57,87.73,633300,70.64,0.0
2010-08-24,87.51,87.57,87.25,87.27,1000800,70.27,0.0
2010-08-25,87.2,87.32,86.79,87.15,788400,70.17,0.0
2010-08-26,87.22,87.44,86.8,87.03,1012400,70.08,0.0
2010-08-27,87.2,87.43,86.91,87.02,1302000,70.07,0.0
2010-08-30,87.03,87.43,87.03,87.18,620800,70.2,0.0
2010-08-31,87.2,87.38,87.1,87.15,1154800,70.17,0.0
2010-09-01,86.91,87.46,86.89,87.46,1697900,70.93,0.625
2010-09-02,87.52,87.61,87.34,87.6,603900,71.05,0.0
2010-09-03,87.73,87.86,87.48,87.86,999600,71.26,0.0
2010-09-07,87.68,87.74,87.35,87.73,883500,71.15,0.0
2010-09-08,87.73,87.86,87.66,87.75,835500,71.17,0.0
2010-09-09,88.13,88.13,87.83,88.1,789300,71.45,0.0
2010-09-10,88.23,88.37,88.02,88.33,957600,71.64,0.0
2010-09-13,88.58,88.82,88.45,88.79,1103500,72.01,0.0
2010-09-14,88.78,88.78,88.52,88.77,658700,71.99,0.0
2010-09-15,88.47,88.74,88.47,88.69,570800,71.93,0.0
2010-09-16,88.74,88.9,88.65,88.84,751400,72.05,0.0
2010-09-17,89.05,89.05,88.9,89.0,922800,72.18,0.0
2010-09-20,89.1,89.22,89.05,89.14,631900,72.29,0.0
2010-09-21,89.23,89.23,88.87,88.99,810900,72.17,0.0
2010-09-22,89.1,89.1,88.62,88.63,832700,71.88,0.0
2010-09-23,88.5,88.52,88.25,88.4,758800,71.69,0.0
2010-09-24,88.53,88.89,88.53,88.75,917200,71.98,0.0
2010-09-27,88.93,89.08,88.84,88.9,615900,72.1,0.0
2010-09-28,89.16,89.16,88.8,89.03,1038800,72.21,0.0
2010-09-29,89.2,89.41,89.11,89.24,826600,72.38,0.0
2010-09-30,89.48,89.74,89.23,89.69,2290800,72.74,0.0
2010-10-01,89.21,89.33,88.99,89.22,837800,72.84,0.587
2010-10-04,89.28,89.28,88.89,88.91,2490600,72.58,0.0
2010-10-05,89.25,89.32,89.06,89.23,993500,72.84,0.0
2010-10-06,89.22,89.33,89.05,89.15,1990200,72.78,0.0
2010-10-07,89.35,89.5,89.13,89.33,1371700,72.93,0.0
2010-10-08,89.46,89.68,89.36,89.63,1524800,73.17,0.0
2010-10-11,89.66,89.89,89.63,89.82,644900,73.33,0.0
2010-10-12,89.77,89.95,89.67,89.74,855200,73.26,0.0
2010-10-13,89.93,90.25,89.82,90.04,880300,73.51,0.0
2010-10-14,90.12,90.13,89.55,89.61,994400,73.15,0.0
2010-10-15,89.79,90.0,89.74,89.84,524200,73.34,0.0
2010-10-18,89.95,90.1,89.72,89.72,516300,73.24,0.0
2010-10-19,89.79,89.95,89.68,89.71,601800,73.24,0.0
2010-10-20,89.82,90.02,89.64,89.99,965600,73.47,0.0
2010-10-21,90.09,90.12,89.85,89.85,521000,73.35,0.0
2010-10-22,90.07,90.28,90.01,90.26,418000,73.69,0.0
2010-10-25,90.47,90.77,90.45,90.61,1051500,73.97,0.0
2010-10-26,90.59,90.77,90.55,90.75,568100,74.09,0.0
2010-10-27,90.7,90.8,90.53,90.65,910700,74.0,0.0
2010-10-28,90.89,90.9,90.55,90.7,1078600,74.04,0.0
2010-10-29,90.81,90.9,90.66,90.74,898000,74.08,0.0
2010-11-01,90.3,90.4,89.95,89.97,921400,73.94,0.601
2010-11-02,90.2,90.42,90.07,90.41,859800,74.3,0.0
2010-11-03,90.45,90.8,90.34,90.71,1301600,74.55,0.0
2010-11-04,91.07,91.97,91.06,91.89,1495800,75.52,0.0
2010-11-05,91.78,91.89,91.52,91.79,1281500,75.43,0.0
2010-11-08,91.7,91.79,91.45,91.52,1178800,75.21,0.0
2010-11-09,91.69,91.69,91.1,91.26,705400,75.0,0.0
2010-11-10,91.25,91.25,90.48,90.51,1250800,74.38,0.0
2010-11-11,90.44,90.53,89.81,90.15,1051000,74.09,0.0
2010-11-12,90.14,90.25,89.82,89.82,1088500,73.82,0.0
2010-11-15,90.17,90.2,89.59,89.65,1071300,73.68,0.0
2010-11-16,89.58,89.7,88.49,88.66,1674100,72.86,0.0
2010-11-17,89.25,89.37,89.0,89.11,1827000,73.23,0.0
2010-11-18,89.82,90.24,89.58,90.24,1197000,74.16,0.0
2010-11-19,90.0,90.21,89.84,90.21,592000,74.14,0.0
2010-11-22,89.76,89.95,89.54,89.58,424600,73.62,0.0
2010-11-23,89.38,89.38,88.32,88.35,1975700,72.61,0.0
2010-11-24,88.57,89.02,88.57,88.88,690700,73.04,0.0
2010-11-26,88.77,88.87,88.51,88.56,365000,72.78,0.0
2010-11-29,88.51,89.02,88.48,88.79,598300,72.97,0.0
2010-11-30,88.59,89.12,88.42,88.99,1459300,73.13,0.0
2010-12-01,88.98,89.25,88.79,89.22,1710800,73.81,0.588
2010-12-02,89.26,89.32,89.0,89.27,775600,73.85,0.0
2010-12-03,89.2,89.45,89.16,89.42,1621000,73.98,0.0
2010-12-06,89.42,89.42,89.23,89.37,776300,73.93,0.0
2010-12-07,89.82,89.91,89.67,89.83,946300,74.31,0.0
2010-12-08,89.73,90.0,89.41,89.54,1216200,74.07,0.0
2010-12-09,89.67,89.67,89.34,89.35,457200,73.92,0.0
2010-12-10,89.5,89.61,89.31,89.39,613100,73.95,0.0
2010-12-13,89.4,89.57,88.82,88.94,1176600,73.58,0.0
2010-12-14,89.4,89.4,88.88,89.38,1366900,73.94,0.0
2010-12-15,89.4,89.4,88.91,89.03,566500,73.65,0.0
2010-12-16,88.9,89.36,88.78,89.36,498600,73.93,0.0
2010-12-17,89.35,89.53,89.23,89.49,989700,74.03,0.0
2010-12-20,89.63,89.65,89.5,89.65,587700,74.17,0.0
2010-12-21,89.81,89.89,89.66,89.84,785400,74.32,0.0
2010-12-22,89.85,90.14,89.77,90.09,803000,74.53,0.0
2010-12-23,90.15,90.25,90.12,90.18,560500,74.6,0.0
2010-12-27,90.32,90.36,90.12,90.25,590800,74.66,0.0
2010-12-28,89.87,89.9,89.54,89.73,575100,74.71,0.577
2010-12-29,89.84,90.06,89.72,90.03,535700,74.96,0.0
2010-12-30,90.14,90.14,89.96,90.13,335400,75.04,0.0
2010-12-31,90.13,90.31,90.05,90.29,715700,75.18,0.0
2011-01-03,90.29,90.71,90.27,90.36,1448800,75.23,0.0
2011-01-04,90.56,90.78,90.48,90.77,1077800,75.58,0.0
2011-01-05,90.64,91.01,90.63,91.0,2537800,75.77,0.0
2011-01-06,91.04,91.12,90.69,91.11,2046600,75.86,0.0
2011-01-07,91.12,91.12,90.7,90.76,917900,75.57,0.0
2011-01-10,90.61,90.73,90.57,90.69,517400,75.51,0.0
2011-01-11,90.91,91.09,90.85,91.04,493300,75.8,0.0
2011-01-12,91.05,91.33,91.05,91.23,609600,75.96,0.0
2011-01-13,91.24,91.45,91.17,91.21,1563900,75.94,0.0
2011-01-14,91.35,91.4,91.24,91.36,912500,76.07,0.0
2011-01-18,91.5,91.5,91.25,91.35,1186800,76.06,0.0
2011-01-19,91.27,91.39,91.06,91.07,1073200,75.83,0.0
2011-01-20,91.07,91.13,90.76,90.89,766000,75.68,0.0
2011-01-21,90.98,91.34,90.98,91.26,681100,75.98,0.0
2011-01-24,91.29,91.45,91.29,91.39,697300,76.09,0.0
2011-01-25,91.43,91.53,91.33,91.53,686400,76.21,0.0
2011-01-26,91.64,91.72,91.53,91.72,985500,76.37,0.0
2011-01-27,91.77,91.85,91.69,91.84,679400,76.47,0.0
2011-01-28,91.88,91.89,91.27,91.29,2015100,76.01,0.0
2011-01-31,91.53,91.78,91.36,91.78,1183200,76.42,0.0
2011-02-01,91.31,91.45,91.21,91.37,944600,76.57,0.589
2011-02-02,91.49,91.51,91.37,91.47,550400,76.65,0.0
2011-02-03,91.48,91.56,91.27,91.47,1240800,76.65,0.0
2011-02-04,91.7,91.89,91.52,91.87,1667600,76.99,0.0
2011-02-07,92.01,92.05,91.79,92.04,2260600,77.13,0.0
2011-02-08,92.12,92.16,92.0,92.14,2632400,77.21,0.0
2011-02-09,92.14,92.14,91.62,91.62,936900,76.78,0.0
2011-02-10,91.6,91.91,91.5,91.72,801800,76.86,0.0
2011-02-11,91.87,91.95,91.63,91.95,586700,77.05,0.0
2011-02-14,91.86,92.02,91.86,92.02,660000,77.11,0.0
2011-02-15,92.06,92.06,91.77,91.84,1109100,76.96,0.0
2011-02-16,92.01,92.09,91.87,91.87,1378100,76.99,0.0
2011-02-17,92.0,92.1,91.96,92.08,658800,77.16,0.0
2011-02-18,92.18,92.37,92.11,92.36,870300,77.4,0.0
2011-02-22,92.19,92.24,91.59,91.6,1305600,76.76,0.0
2011-02-23,91.63,91.83,91.59,91.69,1062700,76.83,0.0
2011-02-24,91.85,91.91,91.71,91.76,857300,76.89,0.0
2011-02-25,91.81,92.08,91.78,92.04,1907800,77.13,0.0
2011-02-28,92.14,92.53,91.98,92.5,4044100,77.51,0.0
2011-03-01,91.97,91.98,91.68,91.78,1692100,77.39,0.579
2011-03-02,91.75,91.88,91.7,91.86,1271400,77.46,0.0
2011-03-03,91.91,92.22,91.91,92.19,1615300,77.74,0.0
2011-03-04,92.19,92.21,91.93,92.0,1057200,77.58,0.0
2011-03-07,92.13,92.14,91.92,92.02,1086800,77.6,0.0
2011-03-08,92.0,92.06,91.91,91.94,971400,77.53,0.0
2011-03-09,91.96,92.01,91.65,91.68,1241700,77.31,0.0
2011-03-10,91.74,91.8,91.17,91.2,1098400,76.91,0.0
2011-03-11,91.11,91.35,91.06,91.18,1023500,76.89,0.0
2011-03-14,91.09,91.26,90.76,90.81,1643400,76.58,0.0
2011-03-15,89.9,90.49,89.5,90.34,1598300,76.18,0.0
2011-03-16,90.36,90.62,89.72,89.78,2882900,75.71,0.0
2011-03-17,90.22,90.76,90.22,90.75,1634200,76.53,0.0
2011-03-18,91.14,91.47,91.02,91.18,1300400,76.89,0.0
2011-03-21,91.49,91.78,91.41,91.74,943800,77.36,0.0
2011-03-22,91.62,91.83,91.53,91.79,2285400,77.4,0.0
2011-03-23,91.69,91.82,91.53,91.68,749400,77.31,0.0
2011-03-24,91.76,91.85,91.65,91.76,923100,77.38,0.0
2011-03-25,91.84,91.86,91.76,91.79,478500,77.4,0.0
2011-03-28,91.9,91.9,91.69,91.82,844000,77.43,0.0
2011-03-29,91.7,91.91,91.68,91.87,1010700,77.47,0.0
2011-03-30,91.95,92.06,91.75,92.01,1868800,77.59,0.0
2011-03-31,92.03,92.03,91.87,91.96,924100,77.55,0.0
2011-04-01,91.39,91.53,91.28,91.28,1322400,77.45,0.57
2011-04-04,91.44,91.86,91.35,91.84,3254100,77.93,0.0
2011-04-05,91.64,91.91,91.64,91.74,1338100,77.84,0.0
2011-04-06,91.91,91.98,91.84,91.94,835300,78.01,0.0
2011-04-07,91.93,92.07,91.92,92.03,1156700,78.09,0.0
2011-04-08,92.09,92.12,91.91,92.03,1168900,78.09,0.0
2011-04-11,92.08,92.17,91.93,91.94,1045900,78.01,0.0
2011-04-12,91.98,91.98,91.62,91.65,940100,77.77,0.0
2011-04-13,91.87,92.09,91.83,92.09,1128100,78.14,0.0
2011-04-14,92.0,92.02,91.64,91.72,1538700,77.83,0.0
2011-04-15,91.85,91.9,91.76,91.84,658300,77.93,0.0
2011-04-18,91.7,91.7,91.42,91.52,1736400,77.66,0.0
2011-04-19,91.64,91.86,91.61,91.84,1020800,77.93,0.0
2011-04-20,92.0,92.23,91.91,92.19,716400,78.22,0.0
2011-04-21,92.32,92.43,92.11,92.41,632000,78.41,0.0
2011-04-25,92.45,92.45,92.3,92.31,978700,78.33,0.0
2011-04-26,92.45,92.52,92.33,92.52,575400,78.5,0.0
2011-04-27,92.49,92.58,92.48,92.58,738800,78.56,0.0
2011-04-28,92.58,92.66,92.55,92.63,697600,78.6,0.0
2011-04-29,92.76,92.85,92.68,92.85,799000,78.78,0.0
2011-05-02,92.31,92.42,92.21,92.23,848700,78.74,0.573
2011-05-03,92.42,92.43,92.1,92.25,977700,78.76,0.0
2011-05-04,92.38,92.38,92.12,92.22,959400,78.74,0.0
2011-05-05,92.22,92.22,91.79,91.84,1300000,78.41,0.0
2011-05-06,92.11,92.45,92.11,92.31,968900,78.81,0.0
2011-05-09,92.39,92.51,92.29,92.43,620500,78.92,0.0
2011-05-10,92.33,92.63,92.33,92.63,723600,79.09,0.0
2011-05-11,92.69,92.73,92.37,92.49,595200,78.97,0.0
2011-05-12,92.47,92.58,92.26,92.58,1129800,79.04,0.0
2011-05-13,92.6,92.6,92.2,92.2,1053400,78.72,0.0
2011-05-16,92.26,92.47,92.26,92.38,540400,78.87,0.0
2011-05-17,92.37,92.59,92.11,92.54,1674000,79.01,0.0
2011-05-18,92.48,92.66,92.43,92.65,813000,79.1,0.0
2011-05-19,92.67,92.67,92.51,92.61,715900,79.07,0.0
2011-05-20,92.61,92.61,92.41,92.54,538900,79.01,0.0
2011-05-23,92.26,92.35,92.08,92.1,1204800,78.63,0.0
2011-05-24,92.31,92.37,91.93,91.95,808100,78.51,0.0
2011-05-25,91.95,92.05,91.9,91.95,1407900,78.51,0.0
2011-05-26,91.97,92.0,91.87,91.87,787900,78.44,0.0
2011-05-27,91.95,92.26,91.9,92.15,1225700,78.68,0.0
2011-05-31,92.4,92.46,92.26,92.4,1848000,78.89,0.0
2011-06-01,91.76,91.89,91.15,91.3,2091600,78.43,0.566
2011-06-02,91.36,91.4,91.2,91.24,1177000,78.38,0.0
2011-06-03,90.96,91.08,90.82,90.88,1141100,78.07,0.0
2011-06-06,90.94,91.01,90.57,90.66,1660100,77.88,0.0
2011-06-07,90.9,90.93,90.54,90.59,995500,77.82,0.0
2011-06-08,90.56,90.58,90.14,90.16,1642600,77.45,0.0
2011-06-09,90.21,90.44,90.12,90.22,1480700,77.5,0.0
2011-06-10,90.27,90.35,89.44,89.63,3870000,77.0,0.0
2011-06-13,89.75,89.99,89.29,89.29,2015400,76.7,0.0
2011-06-14,89.97,90.02,89.8,89.85,1253000,77.19,0.0
2011-06-15,89.58,89.85,89.37,89.47,1319400,76.86,0.0
2011-06-16,89.41,89.7,87.63,87.88,7149900,75.49,0.0
2011-06-17,88.89,89.18,88.3,88.85,3486900,76.33,0.0
2011-06-20,88.95,89.57,88.94,89.47,1555600,76.86,0.0
2011-06-21,89.62,90.08,89.56,90.07,2212000,77.37,0.0
2011-06-22,89.9,90.04,89.41,89.42,1667400,76.82,0.0
2011-06-23,89.25,90.0,88.83,89.9,2999800,77.23,0.0
2011-06-24,90.05,90.05,89.33,89.47,1416400,76.86,0.0
2011-06-27,89.51,89.6,89.36,89.45,1137600,76.84,0.0
2011-06-28,89.7,89.81,89.62,89.81,1477500,77.15,0.0
2011-06-29,90.1,90.75,89.95,90.7,1752700,77.92,0.0
2011-06-30,90.7,91.6,90.7,91.31,2514300,78.44,0.0
2011-07-01,91.39,91.45,90.84,91.21,1749800,78.86,0.582
2011-07-05,91.06,91.34,90.91,91.33,2253200,78.96,0.0
2011-07-06,90.99,91.38,90.92,91.37,1969400,78.99,0.0
2011-07-07,91.58,91.73,91.31,91.73,2662100,79.31,0.0
2011-07-08,91.16,91.52,91.14,91.48,1771000,79.09,0.0
2011-07-11,91.01,91.13,90.55,90.58,1967100,78.31,0.0
2011-07-12,90.52,90.66,90.32,90.33,1407200,78.1,0.0
2011-07-13,90.6,91.07,90.54,91.03,1056800,78.7,0.0
2011-07-14,90.87,91.5,90.81,90.98,823300,78.66,0.0
2011-07-15,91.17,91.17,90.89,90.95,688800,78.63,0.0
2011-07-18,90.75,91.0,90.51,90.79,2103500,78.49,0.0
2011-07-19,90.78,91.23,90.71,91.2,894100,78.85,0.0
2011-07-20,91.41,91.41,91.2,91.28,878500,78.92,0.0
2011-07-21,91.45,91.77,91.35,91.72,936300,79.3,0.0
2011-07-22,91.6,91.86,91.54,91.84,670000,79.4,0.0
2011-07-25,91.55,91.74,91.34,91.35,1050600,78.98,0.0
2011-07-26,91.44,91.64,91.33,91.54,570200,79.14,0.0
2011-07-27,91.52,91.58,90.82,90.82,1158100,78.52,0.0
2011-07-28,90.92,91.18,90.83,90.96,689700,78.64,0.0
2011-07-29,90.48,91.08,90.41,91.05,1199100,78.72,0.0
2011-08-01,90.79,91.01,90.25,90.7,907000,78.89,0.551
2011-08-02,90.49,90.5,89.57,89.58,1286700,77.92,0.0
2011-08-03,89.61,89.96,88.81,89.53,2361600,77.88,0.0
2011-08-04,89.0,89.35,86.91,86.95,3396500,75.63,0.0
2011-08-05,87.44,88.13,84.61,86.86,4671900,75.55,0.0
2011-08-08,83.87,85.86,82.33,83.16,6491600,72.33,0.0
2011-08-09,84.25,85.7,83.05,85.7,5124100,74.54,0.0
2011-08-10,85.15,85.29,83.89,84.25,3395000,73.28,0.0
2011-08-11,83.66,85.91,83.66,85.78,2916900,74.61,0.0
2011-08-12,85.98,86.21,85.03,85.38,2273600,74.27,0.0
2011-08-15,85.97,86.89,85.68,86.77,3280700,75.47,0.0
2011-08-16,86.53,86.78,86.12,86.22,2712000,75.0,0.0
2011-08-17,86.63,87.18,86.6,87.17,1668900,75.82,0.0
2011-08-18,86.18,86.23,85.11,86.11,2342700,74.9,0.0
2011-08-19,85.27,86.58,85.09,85.36,1879400,74.25,0.0
2011-08-22,86.0,86.36,85.35,85.46,1681100,74.34,0.0
2011-08-23,85.28,86.24,84.7,86.1,2588800,74.89,0.0
2011-08-24,85.5,86.06,85.19,85.71,2550900,74.55,0.0
2011-08-25,86.22,86.46,85.0,85.02,1678800,73.95,0.0
2011-08-26,85.05,86.05,84.3,85.88,1629000,74.7,0.0
2011-08-29,86.47,86.85,86.18,86.75,2082100,75.46,0.0
2011-08-30,86.61,86.96,86.49,86.91,1774500,75.6,0.0
2011-08-31,87.79,88.38,87.57,88.03,3213700,76.57,0.0
2011-09-01,87.49,87.61,87.23,87.41,1624000,76.52,0.563
2011-09-02,86.57,87.56,86.57,87.0,1814600,76.16,0.0
2011-09-06,85.76,86.3,85.52,85.97,3004100,75.26,0.0
2011-09-07,86.59,86.76,86.11,86.39,916900,75.63,0.0
2011-09-08,86.56,86.85,86.39,86.66,1533100,75.86,0.0
2011-09-09,86.55,86.8,85.63,85.88,1978400,75.18,0.0
2011-09-12,85.31,85.46,84.81,85.14,2110000,74.53,0.0
2011-09-13,85.34,86.0,85.14,85.79,2331900,75.1,0.0
2011-09-14,86.07,86.56,85.66,86.36,1648300,75.6,0.0
2011-09-15,86.56,86.96,86.37,86.94,1534000,76.11,0.0
2011-09-16,87.15,87.15,86.6,86.89,1217200,76.07,0.0
2011-09-19,86.74,86.93,86.38,86.76,1251000,75.95,0.0
2011-09-20,86.92,87.08,86.57,86.9,1509100,76.07,0.0
2011-09-21,86.9,87.08,86.14,86.15,2524900,75.42,0.0
2011-09-22,85.17,85.52,84.78,84.98,2295700,74.39,0.0
2011-09-23,84.73,85.62,84.7,85.21,2251300,74.59,0.0
2011-09-26,85.39,86.38,85.01,85.53,2451400,74.87,0.0
2011-09-27,86.04,86.04,85.5,85.63,3481300,74.96,0.0
2011-09-28,85.58,85.6,84.51,84.67,2696800,74.12,0.0
2011-09-29,85.0,85.28,84.36,84.51,1643100,73.98,0.0
2011-09-30,83.98,83.98,82.73,82.83,2510700,72.51,0.0
2011-10-03,81.92,82.46,81.3,81.3,2560600,71.64,0.538
2011-10-04,80.61,81.18,77.9,81.05,4870500,71.42,0.0
2011-10-05,81.43,82.11,80.73,82.04,2563800,72.29,0.0
2011-10-06,82.29,83.32,81.9,83.31,2317200,73.41,0.0
2011-10-07,83.78,83.8,82.67,83.38,2686900,73.47,0.0
2011-10-10,84.38,85.18,83.87,85.17,2014300,75.05,0.0
2011-10-11,85.03,85.03,84.18,84.23,2278800,74.22,0.0
2011-10-12,84.77,86.28,84.42,86.19,4223000,75.95,0.0
2011-10-13,85.84,86.02,85.11,85.83,3361300,75.63,0.0
2011-10-14,86.31,86.46,86.0,86.43,2760400,76.16,0.0
2011-10-17,86.02,86.07,85.73,85.93,1904100,75.72,0.0
2011-10-18,85.92,86.58,85.43,86.39,2890000,76.12,0.0
2011-10-19,86.55,87.22,86.06,86.11,3574500,75.88,0.0
2011-10-20,86.4,86.88,86.2,86.87,1759800,76.55,0.0
2011-10-21,87.45,87.94,87.25,87.92,2405600,77.47,0.0
2011-10-24,88.0,90.48,87.85,90.3,5630300,79.57,0.0
2011-10-25,89.41,89.83,88.66,88.7,4506500,78.16,0.0
2011-10-26,89.5,89.5,88.45,89.08,2839500,78.49,0.0
2011-10-27,90.74,91.42,90.0,90.39,5132100,79.65,0.0
2011-10-28,90.16,90.2,89.84,90.12,2820700,79.41,0.0
2011-10-31,89.66,89.67,89.2,89.28,2972600,78.67,0.0
2011-11-01,87.53,88.12,86.75,87.17,3132800,77.26,0.526
2011-11-02,87.63,88.18,87.46,88.0,1812500,78.0,0.0
2011-11-03,88.69,88.99,88.12,88.87,1409900,78.77,0.0
2011-11-04,88.38,88.86,88.07,88.78,3759500,78.69,0.0
2011-11-07,88.73,88.79,88.02,88.48,1756000,78.43,0.0
2011-11-08,88.75,88.82,88.33,88.68,1823800,78.6,0.0
2011-11-09,87.71,87.97,86.8,86.8,2151500,76.94,0.0
2011-11-10,87.57,87.71,86.87,86.89,2487700,77.02,0.0
2011-11-11,87.4,88.11,87.33,88.04,1270200,78.04,0.0
2011-11-14,87.88,87.88,87.0,87.45,1603100,77.51,0.0
2011-11-15,87.31,87.4,86.9,87.22,1450000,77.31,0.0
2011-11-16,86.97,87.12,86.35,86.37,1788500,76.56,0.0
2011-11-17,86.51,86.77,85.53,85.95,2131700,76.18,0.0
2011-11-18,86.28,86.31,85.79,85.89,2226100,76.13,0.0
2011-11-21,85.79,85.92,84.82,84.92,3219000,75.27,0.0
2011-11-22,84.9,85.14,84.19,84.27,4123400,74.69,0.0
2011-11-23,84.01,84.2,82.63,82.75,4483000,73.35,0.0
2011-11-25,82.99,83.69,82.53,82.75,1476200,73.35,0.0
2011-11-28,84.53,84.92,84.02,84.6,2455000,74.99,0.0
2011-11-29,84.92,85.15,84.62,85.15,2010300,75.47,0.0
2011-11-30,86.3,86.68,86.07,86.6,2944100,76.76,0.0
2011-12-01,86.0,86.52,85.84,86.43,2442000,77.1,0.549
2011-12-02,86.69,87.0,86.43,86.92,2664700,77.53,0.0
2011-12-05,87.44,87.64,87.12,87.41,2719200,77.97,0.0
2011-12-06,87.37,87.86,87.13,87.8,2355600,78.32,0.0
2011-12-07,87.58,87.68,87.19,87.52,1740600,78.07,0.0
2011-12-08,87.39,87.52,86.94,86.95,1994200,77.56,0.0
2011-12-09,87.1,87.75,87.0,87.7,1355900,78.23,0.0
2011-12-12,87.38,87.38,87.05,87.23,1772000,77.81,0.0
2011-12-13,87.51,87.71,86.87,86.9,1742400,77.52,0.0
2011-12-14,86.93,86.98,86.47,86.75,1317700,77.38,0.0
2011-12-15,87.34,87.35,86.93,87.06,1562200,77.66,0.0
2011-12-16,87.25,87.51,87.0,87.47,1383900,78.03,0.0
2011-12-19,87.54,87.95,87.35,87.36,2268000,77.93,0.0
2011-12-20,87.94,88.52,87.86,88.45,1957100,78.9,0.0
2011-12-21,88.21,88.7,88.1,88.7,1792300,79.12,0.0
2011-12-22,88.63,89.16,88.46,89.04,1885800,79.43,0.0
2011-12-23,88.99,89.51,88.87,89.45,1255200,79.79,0.0
2011-12-27,89.03,89.3,88.8,89.27,2282000,80.11,0.535
2011-12-28,89.41,89.49,88.76,88.85,1899200,79.73,0.0
2011-12-29,89.1,89.44,88.86,89.38,1558600,80.21,0.0
2011-12-30,89.37,89.65,89.26,89.43,1553400,80.25,0.0
2012-01-03,89.82,89.99,89.45,89.72,3118800,80.51,0.0
2012-01-04,89.7,89.71,89.11,89.57,3010000,80.38,0.0
2012-01-05,89.54,89.58,88.99,89.18,2579700,80.03,0.0
2012-01-06,89.39,89.39,88.75,88.9,1916400,79.78,0.0
2012-01-09,88.91,89.23,88.91,89.02,2157800,79.89,0.0
2012-01-10,89.4,89.48,89.2,89.33,2318000,80.16,0.0
2012-01-11,89.27,89.33,89.04,89.24,1191100,80.08,0.0
2012-01-12,89.24,89.44,89.04,89.12,1558100,79.98,0.0
2012-01-13,89.07,89.13,88.55,89.02,1929400,79.89,0.0
2012-01-17,89.38,89.38,89.06,89.2,4144200,80.05,0.0
2012-01-18,89.21,89.46,88.95,89.45,2725800,80.27,0.0
2012-01-19,89.72,89.85,89.46,89.58,2953000,80.39,0.0
2012-01-20,89.61,89.74,89.54,89.58,2037500,80.39,0.0
2012-01-23,89.77,90.02,89.66,89.89,1680100,80.67,0.0
2012-01-24,89.89,90.17,89.72,90.12,2863800,80.87,0.0
2012-01-25,90.3,91.0,89.92,90.91,3882800,81.58,0.0
2012-01-26,91.3,91.48,90.92,91.13,6487500,81.78,0.0
2012-01-27,91.01,91.18,90.8,90.8,2431100,81.48,0.0
2012-01-30,90.46,90.73,90.35,90.51,2553000,81.22,0.0
2012-01-31,90.75,90.87,90.53,90.74,2864400,81.43,0.0
2012-02-01,90.28,90.72,90.28,90.4,4284200,81.58,0.507
2012-02-02,90.59,90.62,90.41,90.46,2079600,81.63,0.0
2012-02-03,91.22,91.24,90.58,90.72,2312900,81.87,0.0
2012-02-06,90.64,90.76,90.5,90.74,2270500,81.89,0.0
2012-02-07,90.79,90.99,90.67,90.92,2467000,82.05,0.0
2012-02-08,91.04,91.09,90.81,91.0,3336000,82.12,0.0
2012-02-09,91.06,91.09,90.67,91.04,3258700,82.16,0.0
2012-02-10,90.58,90.62,90.25,90.25,2909600,81.44,0.0
2012-02-13,90.5,90.72,90.33,90.51,2193100,81.68,0.0
2012-02-14,90.46,90.65,90.39,90.51,3000100,81.68,0.0
2012-02-15,90.53,90.77,90.2,90.22,1986600,81.42,0.0
2012-02-16,90.22,90.62,89.99,90.6,2514100,81.76,0.0
2012-02-17,90.84,90.86,90.45,90.57,2402700,81.73,0.0
2012-02-21,90.68,91.09,90.65,90.91,2265100,82.04,0.0
2012-02-22,91.03,91.25,90.97,91.2,3570600,82.3,0.0
2012-02-23,91.26,91.74,91.2,91.53,3212300,82.6,0.0
2012-02-24,91.55,91.85,91.48,91.81,1795500,82.85,0.0
2012-02-27,91.59,91.95,91.59,91.83,1608100,82.87,0.0
2012-02-28,91.9,92.12,91.85,92.01,2813200,83.03,0.0
2012-02-29,92.1,92.26,91.77,92.13,3085800,83.14,0.0
2012-03-01,91.65,91.84,91.5,91.75,3802800,83.28,0.537
2012-03-02,91.73,91.73,91.34,91.37,1709000,82.94,0.0
2012-03-05,91.45,91.48,90.85,90.86,2333700,82.48,0.0
2012-03-06,90.54,90.74,89.65,89.65,5792700,81.38,0.0
2012-03-07,89.93,90.01,89.64,89.9,5840700,81.6,0.0
2012-03-08,90.25,90.62,90.04,90.6,2249700,82.24,0.0
2012-03-09,90.69,90.94,90.63,90.7,2531300,82.33,0.0
2012-03-12,90.62,90.72,90.5,90.7,2153000,82.33,0.0
2012-03-13,90.98,91.36,90.76,91.36,2890700,82.93,0.0
2012-03-14,91.31,91.35,90.67,91.13,2928800,82.72,0.0
2012-03-15,91.2,91.2,90.74,90.82,1726800,82.44,0.0
2012-03-16,90.91,91.0,90.3,90.49,3570300,82.14,0.0
2012-03-19,90.49,90.86,90.33,90.83,2283900,82.45,0.0
2012-03-20,90.76,90.92,90.61,90.76,2756600,82.38,0.0
2012-03-21,90.93,90.93,90.45,90.47,3280100,82.12,0.0
2012-03-22,90.45,90.78,90.43,90.69,3500900,82.32,0.0
2012-03-23,90.66,90.75,90.4,90.5,3465200,82.15,0.0
2012-03-26,90.62,91.06,90.57,91.05,2081200,82.65,0.0
2012-03-27,91.01,91.31,90.94,91.21,4196700,82.79,0.0
2012-03-28,91.25,91.25,90.77,90.91,2803700,82.52,0.0
2012-03-29,90.82,90.95,90.6,90.9,2158600,82.51,0.0
2012-03-30,90.97,91.07,90.59,90.72,4020300,82.35,0.0
2012-04-02,90.36,90.47,90.2,90.33,5883800,82.49,0.545
2012-04-03,90.31,90.52,90.24,90.25,4099700,82.42,0.0
2012-04-04,89.97,90.1,89.79,89.92,2297600,82.12,0.0
2012-04-05,89.87,89.9,89.59,89.7,3658900,81.91,0.0
2012-04-09,89.53,89.57,89.14,89.24,2692500,81.49,0.0
2012-04-10,89.27,89.43,88.72,88.8,4471100,81.09,0.0
2012-04-11,89.24,89.39,89.07,89.34,2003700,81.59,0.0
2012-04-12,89.42,90.21,89.34,90.14,2753500,82.32,0.0
2012-04-13,90.11,90.2,89.79,89.85,2767400,82.05,0.0
2012-04-16,90.04,90.17,89.71,89.99,3804300,82.18,0.0
2012-04-17,90.26,90.49,90.15,90.38,2787400,82.54,0.0
2012-04-18,90.24,90.46,90.19,90.35,3322600,82.51,0.0
2012-04-19,90.32,90.49,90.08,90.18,2597800,82.35,0.0
2012-04-20,90.46,90.46,90.11,90.32,2241500,82.48,0.0
2012-04-23,90.02,90.16,89.85,90.13,2850700,82.31,0.0
2012-04-24,90.23,90.34,90.1,90.34,2049300,82.5,0.0
2012-04-25,90.57,91.0,90.46,91.0,3351000,83.1,0.0
2012-04-26,91.0,91.14,90.96,91.06,2641100,83.16,0.0
2012-04-27,91.14,91.15,90.9,91.02,2413000,83.12,0.0
2012-04-30,91.03,91.22,90.8,91.2,3989000,83.28,0.0
2012-05-01,90.85,91.17,90.73,90.76,3624600,83.35,0.509
2012-05-02,90.66,91.18,90.6,91.11,2040700,83.67,0.0
2012-05-03,91.2,91.25,90.95,91.05,1871900,83.61,0.0
2012-05-04,90.94,91.08,90.8,90.87,2381400,83.45,0.0
2012-05-07,90.84,91.24,90.61,91.02,1906100,83.59,0.0
2012-05-08,90.89,91.07,90.72,91.0,1688900,83.57,0.0
2012-05-09,90.77,90.86,90.44,90.68,3146800,83.27,0.0
2012-05-10,90.98,91.03,90.52,90.58,3354000,83.18,0.0
2012-05-11,90.54,91.15,90.48,90.81,2765200,83.39,0.0
2012-05-14,90.5,90.57,90.0,90.14,4544000,82.78,0.0
2012-05-15,90.1,90.18,89.7,89.7,5242100,82.37,0.0
2012-05-16,89.81,90.05,88.79,88.82,6224400,81.57,0.0
2012-05-17,88.82,88.83,87.37,87.59,8867800,80.44,0.0
2012-05-18,88.01,88.29,87.48,87.59,6525600,80.44,0.0
2012-05-21,87.69,88.56,87.68,88.5,4276900,81.27,0.0
2012-05-22,88.76,89.11,88.38,88.49,3675300,81.26,0.0
2012-05-23,88.29,88.68,87.95,88.4,4320900,81.18,0.0
2012-05-24,88.25,88.65,88.25,88.42,2183000,81.2,0.0
2012-05-25,88.57,88.64,88.09,88.14,1651500,80.94,0.0
2012-05-29,88.53,89.25,88.45,89.11,4380300,81.83,0.0
2012-05-30,88.73,88.81,88.53,88.71,2543300,81.47,0.0
2012-05-31,88.8,88.8,87.75,87.77,10706100,80.6,0.0
2012-06-01,86.58,87.16,86.36,86.47,5945600,79.9,0.542
2012-06-04,86.54,86.85,86.43,86.54,3125700,79.97,0.0
2012-06-05,86.54,87.38,86.45,87.09,2970100,80.47,0.0
2012-06-06,87.49,88.04,87.31,88.02,2334800,81.33,0.0
2012-06-07,88.5,88.74,88.04,88.35,5454300,81.64,0.0
2012-06-08,88.33,88.9,88.19,88.69,3738100,81.95,0.0
2012-06-11,88.9,88.99,88.1,88.11,5266700,81.42,0.0
2012-06-12,88.41,88.82,88.26,88.73,3648400,81.99,0.0
2012-06-13,88.6,88.92,88.26,88.47,3527200,81.75,0.0
2012-06-14,88.49,89.24,88.43,89.13,3874100,82.36,0.0
2012-06-15,89.0,89.38,89.0,89.29,2683200,82.51,0.0
2012-06-18,89.09,89.34,89.0,89.32,3628200,82.54,0.0
2012-06-19,89.69,90.11,89.34,89.95,2809100,83.12,0.0
2012-06-20,90.18,90.34,89.82,90.3,3719000,83.44,0.0
2012-06-21,90.4,90.7,89.42,89.56,4843700,82.76,0.0
2012-06-22,89.87,90.28,89.85,90.17,3211700,83.32,0.0
2012-06-25,89.81,90.05,89.67,90.03,3385600,83.19,0.0
2012-06-26,90.11,90.12,89.66,89.9,2357900,83.07,0.0
2012-06-27,90.06,90.46,90.06,90.44,1918000,83.57,0.0
2012-06-28,90.19,90.49,90.08,90.43,3068700,83.56,0.0
2012-06-29,90.98,91.29,90.78,91.29,3394900,84.36,0.0
2012-07-02,90.8,90.87,90.4,90.87,3810700,84.45,0.518
2012-07-03,90.95,91.26,90.83,91.2,1987500,84.75,0.0
2012-07-05,91.0,91.41,90.72,91.21,2221300,84.76,0.0
2012-07-06,90.74,91.13,90.7,91.09,2612400,84.65,0.0
2012-07-09,90.99,91.24,90.89,91.12,1916600,84.68,0.0
2012-07-10,91.2,91.34,90.6,90.72,1832600,84.31,0.0
2012-07-11,90.86,91.08,90.64,91.01,3188700,84.58,0.0
2012-07-12,90.93,90.96,90.46,90.81,1989100,84.39,0.0
2012-07-13,90.91,91.13,90.76,91.09,2316400,84.65,0.0
2012-07-16,90.69,91.03,90.66,90.74,2178900,84.33,0.0
2012-07-17,91.0,91.19,90.69,91.17,4036500,84.73,0.0
2012-07-18,91.13,91.55,91.09,91.55,3958600,85.08,0.0
2012-07-19,91.51,91.89,91.48,91.78,4718200,85.29,0.0
2012-07-20,91.51,91.61,91.23,91.35,2733500,84.89,0.0
2012-07-23,90.84,91.29,90.58,91.2,4561700,84.75,0.0
2012-07-24,91.12,91.16,90.57,90.64,3447700,84.23,0.0
2012-07-25,90.89,90.93,90.44,90.45,2891000,84.06,0.0
2012-07-26,90.89,91.42,90.83,91.38,4330900,84.92,0.0
2012-07-27,91.37,91.94,91.37,91.92,5556800,85.42,0.0
2012-07-30,91.9,91.95,91.65,91.92,3889700,85.42,0.0
2012-07-31,91.95,91.99,91.54,91.7,3530800,85.22,0.0
2012-08-01,91.41,91.69,91.15,91.69,3598100,85.68,0.505
2012-08-02,91.46,91.59,91.15,91.32,4516600,85.33,0.0
2012-08-03,91.6,91.9,91.57,91.7,4602000,85.69,0.0
2012-08-06,91.65,91.99,91.64,91.64,2864400,85.63,0.0
2012-08-07,91.82,91.9,91.36,91.46,3680600,85.47,0.0
2012-08-08,91.58,91.71,91.48,91.52,3162100,85.52,0.0
2012-08-09,91.62,91.66,91.38,91.53,2975600,85.53,0.0
2012-08-10,91.42,91.58,91.31,91.45,1533600,85.46,0.0
2012-08-13,91.41,91.5,91.25,91.5,2007800,85.5,0.0
2012-08-14,91.5,91.79,91.47,91.64,2381000,85.63,0.0
2012-08-15,91.73,91.73,91.2,91.2,2580400,85.22,0.0
2012-08-16,91.34,91.58,91.08,91.54,2914300,85.54,0.0
2012-08-17,91.49,91.65,91.39,91.54,2222000,85.54,0.0
2012-08-20,91.56,91.7,91.41,91.65,2333200,85.64,0.0
2012-08-21,91.73,91.86,91.7,91.85,2531200,85.83,0.0
2012-08-22,91.76,91.87,91.68,91.76,1889100,85.75,0.0
2012-08-23,91.77,91.85,91.61,91.74,1141700,85.73,0.0
2012-08-24,91.77,92.16,91.69,92.15,2082100,86.11,0.0
2012-08-27,92.12,92.22,91.92,92.08,1883600,86.05,0.0
2012-08-28,92.07,92.15,91.95,92.0,1795700,85.97,0.0
2012-08-29,92.13,92.17,92.0,92.13,1617600,86.09,0.0
2012-08-30,92.08,92.18,92.0,92.09,2022400,86.05,0.0
2012-08-31,92.25,92.4,92.09,92.33,1801800,86.28,0.0
2012-09-04,91.87,91.87,91.56,91.82,3921500,86.28,0.508
2012-09-05,91.91,91.92,91.76,91.83,1541000,86.29,0.0
2012-09-06,91.86,92.38,91.86,92.37,3306000,86.79,0.0
2012-09-07,92.5,92.6,92.37,92.53,3403300,86.94,0.0
2012-09-10,92.48,92.71,92.32,92.38,2138600,86.8,0.0
2012-09-11,92.43,93.01,92.43,93.01,4400300,87.39,0.0
2012-09-12,93.13,93.31,93.08,93.29,1957400,87.66,0.0
2012-09-13,93.33,93.91,93.26,93.89,5946800,88.22,0.0
2012-09-14,93.9,94.04,93.71,93.88,3467200,88.21,0.0
2012-09-17,93.78,93.98,93.7,93.8,3075500,88.14,0.0
2012-09-18,93.83,93.92,93.62,93.84,4099400,88.17,0.0
2012-09-19,93.94,93.94,93.72,93.72,3306500,88.06,0.0
2012-09-20,93.63,93.64,93.27,93.28,2122200,87.65,0.0
2012-09-21,93.47,93.47,93.03,93.15,3121700,87.53,0.0
2012-09-24,93.02,93.12,92.94,93.03,1867200,87.41,0.0
2012-09-25,93.05,93.1,92.13,92.2,5726800,86.63,0.0
2012-09-26,92.18,92.2,91.48,91.74,6554200,86.2,0.0
2012-09-27,92.18,92.74,92.0,92.74,3882600,87.14,0.0
2012-09-28,92.66,92.67,92.29,92.3,3668200,86.73,0.0
2012-10-01,92.27,92.27,91.6,91.66,5386700,86.58,0.485
2012-10-02,91.84,91.97,91.64,91.89,3151900,86.8,0.0
2012-10-03,91.97,92.35,91.91,92.12,3201000,87.02,0.0
2012-10-04,92.23,92.57,92.18,92.51,1847200,87.38,0.0
2012-10-05,92.78,92.79,92.28,92.46,2513500,87.34,0.0
2012-10-08,92.26,92.4,92.19,92.33,1143300,87.21,0.0
2012-10-09,92.51,92.51,92.05,92.07,5777300,86.97,0.0
2012-10-10,92.15,92.21,91.8,91.85,5431800,86.76,0.0
2012-10-11,92.2,92.37,92.12,92.35,2811000,87.23,0.0
2012-10-12,92.44,92.76,92.31,92.51,3696800,87.38,0.0
2012-10-15,92.76,92.97,92.58,92.93,2378500,87.78,0.0
2012-10-16,93.06,93.33,92.94,93.27,3536300,88.1,0.0
2012-10-17,93.4,93.56,93.3,93.48,2971500,88.3,0.0
2012-10-18,93.35,93.53,93.3,93.43,1676300,88.25,0.0
2012-10-19,93.37,93.42,92.88,92.96,2041200,87.81,0.0
2012-10-22,93.0,93.19,92.92,92.98,3021700,87.83,0.0
2012-10-23,92.7,92.81,92.5,92.63,3916900,87.5,0.0
2012-10-24,92.84,92.87,92.5,92.55,4332900,87.42,0.0
2012-10-25,92.92,92.96,92.6,92.7,2005600,87.56,0.0
2012-10-26,92.73,92.79,92.28,92.48,4591800,87.36,0.0
2012-10-31,92.48,92.67,92.44,92.59,2914100,87.46,0.0
2012-11-01,92.18,92.63,92.06,92.54,2092300,87.41,0.0
2012-11-02,92.66,92.75,92.39,92.41,2829300,87.29,0.0
2012-11-05,92.4,92.59,92.11,92.26,3361700,87.15,0.0
2012-11-06,92.43,92.52,92.27,92.4,1409000,87.28,0.0
2012-11-07,92.25,92.27,91.8,91.85,3698200,86.76,0.0
2012-11-08,91.96,92.16,91.5,91.55,5829400,86.48,0.0
2012-11-09,91.28,91.68,91.25,91.39,3953900,86.33,0.0
2012-11-12,91.49,91.57,91.32,91.42,2066000,86.35,0.0
2012-11-13,91.28,91.38,91.07,91.21,4347400,86.16,0.0
2012-11-14,91.46,91.5,90.64,90.71,5017500,85.68,0.0
2012-11-15,90.55,90.92,90.09,90.67,6989700,85.65,0.0
2012-11-16,90.76,91.0,90.53,90.93,4730200,85.89,0.0
2012-11-19,91.23,92.12,91.21,92.08,9498500,86.98,0.0
2012-11-20,92.08,92.18,91.84,92.09,4010400,86.99,0.0
2012-11-21,92.0,92.23,91.97,92.06,2984700,86.96,0.0
2012-11-23,92.25,92.44,92.11,92.37,1041100,87.25,0.0
2012-11-26,92.31,92.39,92.01,92.39,2160700,87.27,0.0
2012-11-27,92.26,92.57,92.26,92.48,4194100,87.36,0.0
2012-11-28,92.41,92.74,92.24,92.5,6528000,87.37,0.0
2012-11-29,92.73,92.95,92.6,92.91,3870500,87.76,0.0
2012-11-30,92.9,93.15,92.87,93.05,3276200,87.89,0.0
2012-12-03,92.86,93.03,92.66,93.03,5444400,88.34,0.489
2012-12-04,92.99,93.17,92.85,93.03,3121100,88.34,0.0
2012-12-05,93.27,93.29,92.85,93.18,4580900,88.48,0.0
2012-12-06,93.15,93.39,93.15,93.35,2261500,88.64,0.0
2012-12-07,93.45,93.5,93.16,93.21,2294400,88.51,0.0
2012-12-10,93.5,93.5,93.17,93.29,2140700,88.59,0.0
2012-12-11,93.53,93.71,93.35,93.38,3206300,88.67,0.0
2012-12-12,93.55,93.8,93.44,93.66,3305600,88.94,0.0
2012-12-13,93.6,93.8,93.3,93.33,4898700,88.62,0.0
2012-12-14,93.36,93.5,93.26,93.26,2741400,88.56,0.0
2012-12-17,93.32,93.7,93.32,93.62,2195600,88.9,0.0
2012-12-18,93.77,93.81,93.58,93.67,3409800,88.95,0.0
2012-12-19,93.74,93.74,93.57,93.57,2566400,88.85,0.0
2012-12-20,93.6,93.91,93.59,93.9,3191200,89.17,0.0
2012-12-21,93.44,93.68,93.44,93.63,3187900,88.91,0.0
2012-12-24,93.43,93.55,93.19,93.29,1221400,88.59,0.0
2012-12-26,93.0,93.14,92.79,93.01,2257200,88.8,0.505
2012-12-27,93.05,93.2,92.89,93.2,2332600,88.98,0.0
2012-12-28,93.01,93.24,92.86,92.95,2426100,88.74,0.0
2012-12-31,92.97,93.4,92.93,93.35,2918500,89.13,0.0
2013-01-02,94.07,94.23,93.8,94.23,3975200,89.97,0.0
2013-01-03,94.08,94.29,93.88,93.94,3950700,89.69,0.0
2013-01-04,93.98,94.08,93.83,94.0,2968000,89.75,0.0
2013-01-07,94.02,94.09,93.83,94.08,4137300,89.82,0.0
2013-01-08,94.1,94.12,93.93,94.01,2179100,89.76,0.0
2013-01-09,94.24,94.24,94.01,94.19,2183900,89.93,0.0
2013-01-10,94.33,94.38,94.2,94.35,1684300,90.08,0.0
2013-01-11,94.3,94.52,94.21,94.52,1982600,90.24,0.0
2013-01-14,94.45,94.47,94.22,94.39,2182400,90.12,0.0
2013-01-15,94.22,94.42,94.17,94.41,2136000,90.14,0.0
2013-01-16,94.28,94.4,94.17,94.25,3272700,89.99,0.0
2013-01-17,94.42,94.61,94.31,94.59,6058900,90.31,0.0
2013-01-18,94.54,94.72,94.48,94.72,2836800,90.43,0.0
2013-01-22,94.65,94.87,94.54,94.78,2295200,90.49,0.0
2013-01-23,94.71,94.79,94.65,94.67,2227900,90.39,0.0
2013-01-24,94.77,94.93,94.69,94.88,3175400,90.59,0.0
2013-01-25,94.97,94.97,94.78,94.85,2525100,90.56,0.0
2013-01-28,94.77,94.84,94.69,94.8,2331000,90.51,0.0
2013-01-29,94.71,94.75,94.54,94.64,1514300,90.36,0.0
2013-01-30,94.45,94.51,93.89,93.96,6595600,89.71,0.0
2013-01-31,93.93,94.11,93.62,93.67,5963700,89.43,0.0
2013-02-01,93.54,93.76,93.46,93.48,5713000,89.73,0.499
2013-02-04,93.29,93.4,93.01,93.09,3878000,89.35,0.0
2013-02-05,93.24,93.4,93.2,93.3,2590900,89.56,0.0
2013-02-06,93.16,93.29,93.06,93.16,2850500,89.42,0.0
2013-02-07,93.11,93.13,92.81,92.98,4071400,89.25,0.0
2013-02-08,92.92,93.1,92.91,93.0,3220400,89.27,0.0
2013-02-11,92.89,93.08,92.86,92.99,3146100,89.26,0.0
2013-02-12,92.92,93.36,92.91,93.31,3490600,89.56,0.0
2013-02-13,93.42,93.48,93.17,93.45,3672200,89.7,0.0
2013-02-14,93.25,93.55,93.25,93.41,2731800,89.66,0.0
2013-02-15,93.46,93.66,93.26,93.42,2483000,89.67,0.0
2013-02-19,93.5,93.59,93.41,93.51,3074300,89.76,0.0
2013-02-20,93.58,93.72,93.4,93.42,3830300,89.67,0.0
2013-02-21,93.42,93.59,93.3,93.52,7185300,89.77,0.0
2013-02-22,93.63,93.75,93.51,93.75,3367000,89.99,0.0
2013-02-25,93.78,93.93,93.45,93.46,5259300,89.71,0.0
2013-02-26,93.64,93.92,93.47,93.92,4075600,90.15,0.0
2013-02-27,93.85,94.15,93.75,94.08,3681600,90.3,0.0
2013-02-28,94.07,94.13,93.94,94.04,3822000,90.27,0.0
2013-03-01,93.49,93.99,93.48,93.72,4833200,90.45,0.506
2013-03-04,93.65,93.8,93.61,93.73,2222500,90.45,0.0
2013-03-05,93.79,94.02,93.79,93.92,3733400,90.64,0.0
2013-03-06,94.03,94.06,93.84,93.86,2118000,90.58,0.0
2013-03-07,93.95,94.0,93.9,94.0,2124900,90.72,0.0
2013-03-08,94.17,94.19,93.92,94.11,2464100,90.82,0.0
2013-03-11,94.08,94.15,94.0,94.05,2782800,90.76,0.0
2013-03-12,93.99,94.1,93.96,94.01,1526200,90.73,0.0
2013-03-13,94.1,94.17,93.95,94.03,1431200,90.74,0.0
2013-03-14,94.17,94.39,94.07,94.39,2954100,91.09,0.0
2013-03-15,94.25,94.4,94.2,94.38,2024300,91.08,0.0
2013-03-18,94.0,94.46,94.0,94.4,3000600,91.1,0.0
2013-03-19,94.45,94.53,94.21,94.24,3742800,90.95,0.0
2013-03-20,94.33,94.6,94.32,94.55,2553200,91.25,0.0
2013-03-21,94.37,94.56,94.22,94.38,3532400,91.08,0.0
2013-03-22,94.38,94.46,94.25,94.31,2201500,91.01,0.0
2013-03-25,94.3,94.44,94.15,94.17,2131700,90.88,0.0
2013-03-26,94.39,94.4,94.25,94.34,1169400,91.04,0.0
2013-03-27,94.19,94.29,94.17,94.18,2195100,90.89,0.0
2013-03-28,94.24,94.38,94.16,94.35,1959100,91.05,0.0
2013-04-01,93.83,94.09,93.65,94.03,3823000,91.22,0.488
2013-04-02,93.95,94.18,93.92,93.96,2528700,91.15,0.0
2013-04-03,93.99,94.05,93.78,93.96,2773100,91.15,0.0
2013-04-04,93.92,94.15,93.87,93.93,3040600,91.12,0.0
2013-04-05,93.77,94.02,93.68,94.02,2243800,91.21,0.0
2013-04-08,94.07,94.15,93.95,94.12,2346800,91.3,0.0
2013-04-09,94.2,94.42,94.12,94.42,2985400,91.59,0.0
2013-04-10,94.35,94.76,94.35,94.72,2932600,91.89,0.0
2013-04-11,94.75,94.79,94.64,94.72,2676200,91.89,0.0
2013-04-12,94.64,94.81,94.55,94.75,2040900,91.91,0.0
2013-04-15,94.75,94.75,94.13,94.15,3910600,91.33,0.0
2013-04-16,94.41,94.81,94.32,94.8,4138300,91.96,0.0
2013-04-17,94.61,94.67,94.4,94.65,5778600,91.82,0.0
2013-04-18,94.61,94.67,94.46,94.5,2476900,91.67,0.0
2013-04-19,94.6,94.66,94.43,94.45,2474800,91.62,0.0
2013-04-22,94.69,94.89,94.53,94.67,3641900,91.84,0.0
2013-04-23,94.77,95.05,94.77,95.04,2217400,92.2,0.0
2013-04-24,95.09,95.26,95.01,95.21,3872600,92.36,0.0
2013-04-25,95.22,95.52,95.14,95.47,2453100,92.61,0.0
2013-04-26,95.46,95.48,95.33,95.37,2679000,92.52,0.0
2013-04-29,95.39,95.59,95.38,95.55,1785300,92.69,0.0
2013-04-30,95.63,95.85,95.55,95.85,2953100,92.98,0.0
2013-05-01,95.34,95.56,95.18,95.2,4812400,92.8,0.468
2013-05-02,95.5,95.83,95.37,95.81,3368200,93.4,0.0
2013-05-03,95.97,96.13,95.86,95.96,2407400,93.55,0.0
2013-05-06,95.92,96.06,95.88,96.02,1458700,93.6,0.0
2013-05-07,96.12,96.15,95.92,95.95,2590900,93.54,0.0
2013-05-08,96.02,96.3,96.02,96.29,3801200,93.87,0.0
2013-05-09,96.2,96.29,96.0,96.01,1644900,93.59,0.0
2013-05-10,96.05,96.05,95.46,95.51,4654400,93.11,0.0
2013-05-13,95.41,95.5,95.11,95.12,2710000,92.73,0.0
2013-05-14,95.2,95.46,95.11,95.22,4473900,92.82,0.0
2013-05-15,95.22,95.34,95.09,95.23,3179800,92.83,0.0
2013-05-16,95.29,95.64,95.18,95.46,6036800,93.06,0.0
2013-05-17,95.6,95.63,95.34,95.46,4313300,93.06,0.0
2013-05-20,95.46,95.64,95.36,95.56,2086200,93.16,0.0
2013-05-21,95.56,95.78,95.54,95.74,4666500,93.33,0.0
2013-05-22,95.72,95.88,95.1,95.15,5243800,92.76,0.0
2013-05-23,95.0,95.02,94.69,94.89,3294400,92.5,0.0
2013-05-24,94.75,94.79,94.67,94.71,3420400,92.33,0.0
2013-05-28,95.03,95.03,94.31,94.36,3486700,91.99,0.0
2013-05-29,94.04,94.26,93.55,93.98,10958100,91.61,0.0
2013-05-30,94.0,94.36,93.69,94.17,5462100,91.8,0.0
2013-05-31,93.97,94.11,92.9,92.92,6809400,90.58,0.0
2013-06-03,92.38,92.52,91.8,92.36,14320900,90.5,0.479
2013-06-04,92.5,93.05,92.19,92.36,7927000,90.5,0.0
2013-06-05,92.19,92.24,91.44,91.56,10309200,89.72,0.0
2013-06-06,91.4,92.59,91.32,92.28,11849800,90.42,0.0
2013-06-07,92.44,92.97,92.2,92.34,8879800,90.48,0.0
2013-06-10,92.34,92.59,92.08,92.15,7678000,90.3,0.0
2013-06-11,91.58,92.24,91.29,91.58,9065200,89.74,0.0
2013-06-12,91.93,92.12,91.63,91.65,9193300,89.81,0.0
2013-06-13,91.65,92.82,91.65,92.7,7526400,90.84,0.0
2013-06-14,92.78,92.94,92.55,92.81,3909200,90.94,0.0
2013-06-17,92.93,93.45,92.8,92.8,3830700,90.93,0.0
2013-06-18,92.76,93.11,92.76,93.03,3609700,91.16,0.0
2013-06-19,92.95,93.27,91.62,91.64,7971700,89.8,0.0
2013-06-20,91.09,91.58,90.28,90.74,11094000,88.91,0.0
2013-06-21,91.01,91.11,90.12,90.15,9245400,88.34,0.0
2013-06-24,89.45,90.0,88.27,89.04,12116100,87.25,0.0
2013-06-25,89.5,90.31,89.5,90.31,6233300,88.49,0.0
2013-06-26,90.7,91.18,90.57,91.06,5527200,89.23,0.0
2013-06-27,91.4,91.94,91.4,91.5,5578600,89.66,0.0
2013-06-28,91.3,91.32,90.47,90.88,6112000,89.05,0.0
2013-07-01,90.57,90.99,90.5,90.89,5213400,89.53,0.48
2013-07-02,90.79,91.05,90.35,90.61,3799800,89.26,0.0
2013-07-03,90.29,90.86,90.28,90.82,1679600,89.47,0.0
2013-07-05,90.39,90.44,89.63,89.85,3312600,88.51,0.0
2013-07-08,90.09,91.09,90.0,91.09,5638400,89.73,0.0
2013-07-09,91.1,91.19,90.87,91.14,6127700,89.78,0.0
2013-07-10,91.18,91.54,91.08,91.5,6529900,90.14,0.0
2013-07-11,92.18,92.67,92.0,92.65,5865400,91.27,0.0
2013-07-12,92.41,92.67,92.25,92.56,5788300,91.18,0.0
2013-07-15,92.67,93.09,92.56,92.95,6791500,91.56,0.0
2013-07-16,93.09,93.09,92.47,92.72,3292100,91.34,0.0
2013-07-17,93.03,93.52,93.0,93.4,8660500,92.01,0.0
2013-07-18,93.5,94.0,93.44,93.96,6825000,92.56,0.0
2013-07-19,93.95,93.97,93.77,93.9,2603100,92.5,0.0
2013-07-22,93.93,94.01,93.75,93.97,3888200,92.57,0.0
2013-07-23,93.89,93.98,93.67,93.74,2483700,92.34,0.0
2013-07-24,93.54,93.64,92.66,92.95,5249800,91.56,0.0
2013-07-25,92.51,92.88,92.44,92.74,5995400,91.36,0.0
2013-07-26,92.48,92.78,92.39,92.78,4213600,91.4,0.0
2013-07-29,92.6,92.73,92.42,92.58,3850100,91.2,0.0
2013-07-30,92.52,92.87,92.52,92.71,4239400,91.33,0.0
2013-07-31,92.49,93.01,92.28,92.98,4076500,91.59,0.0
2013-08-01,92.42,92.59,91.61,91.65,4616600,90.73,0.453
2013-08-02,91.96,92.26,91.81,92.21,4309400,91.28,0.0
2013-08-05,92.18,92.18,91.7,91.74,2231000,90.81,0.0
2013-08-06,91.93,91.93,91.36,91.65,3398800,90.73,0.0
2013-08-07,91.45,91.54,91.29,91.36,2253300,90.44,0.0
2013-08-08,91.42,91.59,91.38,91.56,2857100,90.64,0.0
2013-08-09,91.43,91.67,91.12,91.57,1765600,90.65,0.0
2013-08-12,91.44,91.72,91.42,91.49,3840800,90.57,0.0
2013-08-13,91.48,91.57,91.3,91.49,2290500,90.57,0.0
2013-08-14,91.43,91.49,91.26,91.31,4605800,90.39,0.0
2013-08-15,91.0,91.09,90.75,90.84,6446100,89.92,0.0
2013-08-16,90.97,91.1,90.42,90.53,6922400,89.62,0.0
2013-08-19,90.57,90.63,89.8,89.93,6536300,89.02,0.0
2013-08-20,90.3,90.86,90.28,90.76,4208300,89.84,0.0
2013-08-21,90.67,90.78,90.37,90.43,3098100,89.52,0.0
2013-08-22,90.57,90.92,90.49,90.92,4049900,90.0,0.0
2013-08-23,90.9,91.36,90.85,91.3,3370400,90.38,0.0
2013-08-26,91.32,91.39,91.13,91.31,2365400,90.39,0.0
2013-08-27,91.05,91.13,90.71,90.72,3578500,89.8,0.0
2013-08-28,90.76,91.09,90.66,91.06,3860600,90.14,0.0
2013-08-29,90.91,91.5,90.82,91.43,4012900,90.51,0.0
2013-08-30,91.47,91.59,91.19,91.35,2486900,90.43,0.0
2013-09-03,90.94,91.18,90.31,90.39,9986800,89.95,0.48
2013-09-04,90.53,90.84,90.51,90.73,3507400,90.29,0.0
2013-09-05,90.57,90.65,90.27,90.27,3622300,89.83,0.0
2013-09-06,90.79,91.1,90.42,90.57,4713800,90.13,0.0
2013-09-09,90.73,91.0,90.71,90.8,4227400,90.36,0.0
2013-09-10,90.88,91.13,90.87,91.12,5287100,90.68,0.0
2013-09-11,90.99,91.26,90.9,91.24,3514200,90.8,0.0
2013-09-12,91.19,91.31,91.1,91.13,3594500,90.69,0.0
2013-09-13,91.24,91.32,90.98,91.06,2789300,90.62,0.0
2013-09-16,91.71,91.81,91.45,91.56,4331300,91.12,0.0
2013-09-17,91.67,91.98,91.61,91.86,5978600,91.41,0.0
2013-09-18,91.84,92.88,91.71,92.74,7476300,92.29,0.0
2013-09-19,92.99,92.99,92.4,92.47,5821100,92.02,0.0
2013-09-20,92.44,92.49,92.28,92.36,4033900,91.91,0.0
2013-09-23,92.35,92.46,92.22,92.35,6564600,91.9,0.0
2013-09-24,92.27,92.41,92.06,92.15,7947700,91.7,0.0
2013-09-25,92.14,92.26,91.95,91.99,3535700,91.54,0.0
2013-09-26,92.11,92.13,91.77,91.94,4751200,91.49,0.0
2013-09-27,91.87,91.94,91.61,91.84,6779700,91.39,0.0
2013-09-30,91.59,91.95,91.5,91.58,6248900,91.14,0.0
2013-10-01,91.16,91.55,91.06,91.53,5743900,91.53,0.445
2013-10-02,91.46,91.57,91.25,91.57,2765700,91.57,0.0
2013-10-03,91.65,91.69,91.43,91.63,3169700,91.63,0.0
2013-10-04,91.6,91.87,91.54,91.79,2048300,91.79,0.0
2013-10-07,91.46,91.76,91.46,91.55,2391700,91.55,0.0
2013-10-08,91.75,91.86,91.49,91.51,2944700,91.51,0.0
2013-10-09,91.78,91.78,91.51,91.59,2973700,91.59,0.0
2013-10-10,91.82,92.1,91.82,92.01,2899500,92.01,0.0
